"Industrial product price index, by product, monthly 1 2 3",,,,,,,,,,,,,,,,,,,,,,,,,,,,,,,,,,,,,,,,,,,,,,,,,,,,,,,,,,,,,,,,,,,,,,,,,,,,,,,,,,,,,,,,,,,,,,,,,,,,,,,,,,,,,,,,,,,,,,,,,,,,,,,,,,,,,,,,,,,,,,,,,,,,,,,,,,,,,,,,,,,,,,,,,,,,,,,,,,,,,,,,,,,,,,,,,,,,,,,,,,,,,,,,,,,,,,,,,,,,,,,,,,,,,,,,,,,,,,,,,,,,,,,,,,,,,,,,,,,,,,,,,,,,,,,,,,,,,,,,,,,,,,,,,,,,,,,,,,,,,,,,,,,,,,,,,,,,,,,,,,,,,,,,,,,,,,,,,,,,,,,,,,,,,,,,,,,,,,,,,,,,,,,,,,,,,,,,,,,,,,,,,,,,,,,,,,,,,,,,,,,,,,,,,,,,,,,,,,,,,,,,,,,,,,,,,,,,,,,,,,,,,,,,,,,,,,,,,,,,,,,,,,,,,,,,,,,,,,,,,,,,,,,,,,,,,,,,,,,,,,,,,,,,,,,,,,,,,,,,,,,,,,,,,,,,,,,,,,,,,,,,,,,,,,,,,,,,,,,,,,,,,,,,,,,,,,,,,,,,,,,,,,,,,,,,,,,,,,,,,,,,,,,,,,,,,,,,,,,,,,,,,,,,,,,,,,,,,,,,,,,,,,,,,,,,,,,,,,,,,,,,,,,,,,,,,,,,,,,,,,,,,,,,,,,,,,,,,,,,,,,,,,,,,,,,,,,,,,,,,,,,,,,,,,,,,,,,,,,,,,,,,,,,,,,,,,,,,,,,,,,,,,,,,,,,,,,,,,,,,,,,,,,,,
Frequency: Monthly,,,,,,,,,,,,,,,,,,,,,,,,,,,,,,,,,,,,,,,,,,,,,,,,,,,,,,,,,,,,,,,,,,,,,,,,,,,,,,,,,,,,,,,,,,,,,,,,,,,,,,,,,,,,,,,,,,,,,,,,,,,,,,,,,,,,,,,,,,,,,,,,,,,,,,,,,,,,,,,,,,,,,,,,,,,,,,,,,,,,,,,,,,,,,,,,,,,,,,,,,,,,,,,,,,,,,,,,,,,,,,,,,,,,,,,,,,,,,,,,,,,,,,,,,,,,,,,,,,,,,,,,,,,,,,,,,,,,,,,,,,,,,,,,,,,,,,,,,,,,,,,,,,,,,,,,,,,,,,,,,,,,,,,,,,,,,,,,,,,,,,,,,,,,,,,,,,,,,,,,,,,,,,,,,,,,,,,,,,,,,,,,,,,,,,,,,,,,,,,,,,,,,,,,,,,,,,,,,,,,,,,,,,,,,,,,,,,,,,,,,,,,,,,,,,,,,,,,,,,,,,,,,,,,,,,,,,,,,,,,,,,,,,,,,,,,,,,,,,,,,,,,,,,,,,,,,,,,,,,,,,,,,,,,,,,,,,,,,,,,,,,,,,,,,,,,,,,,,,,,,,,,,,,,,,,,,,,,,,,,,,,,,,,,,,,,,,,,,,,,,,,,,,,,,,,,,,,,,,,,,,,,,,,,,,,,,,,,,,,,,,,,,,,,,,,,,,,,,,,,,,,,,,,,,,,,,,,,,,,,,,,,,,,,,,,,,,,,,,,,,,,,,,,,,,,,,,,,,,,,,,,,,,,,,,,,,,,,,,,,,,,,,,,,,,,,,,,,,,,,,,,,,,,,,,,,,,,,,,,,,,,,,,,,,
Table: 18-10-0266-01,,,,,,,,,,,,,,,,,,,,,,,,,,,,,,,,,,,,,,,,,,,,,,,,,,,,,,,,,,,,,,,,,,,,,,,,,,,,,,,,,,,,,,,,,,,,,,,,,,,,,,,,,,,,,,,,,,,,,,,,,,,,,,,,,,,,,,,,,,,,,,,,,,,,,,,,,,,,,,,,,,,,,,,,,,,,,,,,,,,,,,,,,,,,,,,,,,,,,,,,,,,,,,,,,,,,,,,,,,,,,,,,,,,,,,,,,,,,,,,,,,,,,,,,,,,,,,,,,,,,,,,,,,,,,,,,,,,,,,,,,,,,,,,,,,,,,,,,,,,,,,,,,,,,,,,,,,,,,,,,,,,,,,,,,,,,,,,,,,,,,,,,,,,,,,,,,,,,,,,,,,,,,,,,,,,,,,,,,,,,,,,,,,,,,,,,,,,,,,,,,,,,,,,,,,,,,,,,,,,,,,,,,,,,,,,,,,,,,,,,,,,,,,,,,,,,,,,,,,,,,,,,,,,,,,,,,,,,,,,,,,,,,,,,,,,,,,,,,,,,,,,,,,,,,,,,,,,,,,,,,,,,,,,,,,,,,,,,,,,,,,,,,,,,,,,,,,,,,,,,,,,,,,,,,,,,,,,,,,,,,,,,,,,,,,,,,,,,,,,,,,,,,,,,,,,,,,,,,,,,,,,,,,,,,,,,,,,,,,,,,,,,,,,,,,,,,,,,,,,,,,,,,,,,,,,,,,,,,,,,,,,,,,,,,,,,,,,,,,,,,,,,,,,,,,,,,,,,,,,,,,,,,,,,,,,,,,,,,,,,,,,,,,,,,,,,,,,,,,,,,,,,,,,,,,,,,,,,,,,,,,,,,,,,,
Release date: 2021-11-29,,,,,,,,,,,,,,,,,,,,,,,,,,,,,,,,,,,,,,,,,,,,,,,,,,,,,,,,,,,,,,,,,,,,,,,,,,,,,,,,,,,,,,,,,,,,,,,,,,,,,,,,,,,,,,,,,,,,,,,,,,,,,,,,,,,,,,,,,,,,,,,,,,,,,,,,,,,,,,,,,,,,,,,,,,,,,,,,,,,,,,,,,,,,,,,,,,,,,,,,,,,,,,,,,,,,,,,,,,,,,,,,,,,,,,,,,,,,,,,,,,,,,,,,,,,,,,,,,,,,,,,,,,,,,,,,,,,,,,,,,,,,,,,,,,,,,,,,,,,,,,,,,,,,,,,,,,,,,,,,,,,,,,,,,,,,,,,,,,,,,,,,,,,,,,,,,,,,,,,,,,,,,,,,,,,,,,,,,,,,,,,,,,,,,,,,,,,,,,,,,,,,,,,,,,,,,,,,,,,,,,,,,,,,,,,,,,,,,,,,,,,,,,,,,,,,,,,,,,,,,,,,,,,,,,,,,,,,,,,,,,,,,,,,,,,,,,,,,,,,,,,,,,,,,,,,,,,,,,,,,,,,,,,,,,,,,,,,,,,,,,,,,,,,,,,,,,,,,,,,,,,,,,,,,,,,,,,,,,,,,,,,,,,,,,,,,,,,,,,,,,,,,,,,,,,,,,,,,,,,,,,,,,,,,,,,,,,,,,,,,,,,,,,,,,,,,,,,,,,,,,,,,,,,,,,,,,,,,,,,,,,,,,,,,,,,,,,,,,,,,,,,,,,,,,,,,,,,,,,,,,,,,,,,,,,,,,,,,,,,,,,,,,,,,,,,,,,,,,,,,,,,,,,,,,,,,,,,,,,,,,,,,,,,,
Geography: Canada,,,,,,,,,,,,,,,,,,,,,,,,,,,,,,,,,,,,,,,,,,,,,,,,,,,,,,,,,,,,,,,,,,,,,,,,,,,,,,,,,,,,,,,,,,,,,,,,,,,,,,,,,,,,,,,,,,,,,,,,,,,,,,,,,,,,,,,,,,,,,,,,,,,,,,,,,,,,,,,,,,,,,,,,,,,,,,,,,,,,,,,,,,,,,,,,,,,,,,,,,,,,,,,,,,,,,,,,,,,,,,,,,,,,,,,,,,,,,,,,,,,,,,,,,,,,,,,,,,,,,,,,,,,,,,,,,,,,,,,,,,,,,,,,,,,,,,,,,,,,,,,,,,,,,,,,,,,,,,,,,,,,,,,,,,,,,,,,,,,,,,,,,,,,,,,,,,,,,,,,,,,,,,,,,,,,,,,,,,,,,,,,,,,,,,,,,,,,,,,,,,,,,,,,,,,,,,,,,,,,,,,,,,,,,,,,,,,,,,,,,,,,,,,,,,,,,,,,,,,,,,,,,,,,,,,,,,,,,,,,,,,,,,,,,,,,,,,,,,,,,,,,,,,,,,,,,,,,,,,,,,,,,,,,,,,,,,,,,,,,,,,,,,,,,,,,,,,,,,,,,,,,,,,,,,,,,,,,,,,,,,,,,,,,,,,,,,,,,,,,,,,,,,,,,,,,,,,,,,,,,,,,,,,,,,,,,,,,,,,,,,,,,,,,,,,,,,,,,,,,,,,,,,,,,,,,,,,,,,,,,,,,,,,,,,,,,,,,,,,,,,,,,,,,,,,,,,,,,,,,,,,,,,,,,,,,,,,,,,,,,,,,,,,,,,,,,,,,,,,,,,,,,,,,,,,,,,,,,,,,,,,,,,,,,
,,,,,,,,,,,,,,,,,,,,,,,,,,,,,,,,,,,,,,,,,,,,,,,,,,,,,,,,,,,,,,,,,,,,,,,,,,,,,,,,,,,,,,,,,,,,,,,,,,,,,,,,,,,,,,,,,,,,,,,,,,,,,,,,,,,,,,,,,,,,,,,,,,,,,,,,,,,,,,,,,,,,,,,,,,,,,,,,,,,,,,,,,,,,,,,,,,,,,,,,,,,,,,,,,,,,,,,,,,,,,,,,,,,,,,,,,,,,,,,,,,,,,,,,,,,,,,,,,,,,,,,,,,,,,,,,,,,,,,,,,,,,,,,,,,,,,,,,,,,,,,,,,,,,,,,,,,,,,,,,,,,,,,,,,,,,,,,,,,,,,,,,,,,,,,,,,,,,,,,,,,,,,,,,,,,,,,,,,,,,,,,,,,,,,,,,,,,,,,,,,,,,,,,,,,,,,,,,,,,,,,,,,,,,,,,,,,,,,,,,,,,,,,,,,,,,,,,,,,,,,,,,,,,,,,,,,,,,,,,,,,,,,,,,,,,,,,,,,,,,,,,,,,,,,,,,,,,,,,,,,,,,,,,,,,,,,,,,,,,,,,,,,,,,,,,,,,,,,,,,,,,,,,,,,,,,,,,,,,,,,,,,,,,,,,,,,,,,,,,,,,,,,,,,,,,,,,,,,,,,,,,,,,,,,,,,,,,,,,,,,,,,,,,,,,,,,,,,,,,,,,,,,,,,,,,,,,,,,,,,,,,,,,,,,,,,,,,,,,,,,,,,,,,,,,,,,,,,,,,,,,,,,,,,,,,,,,,,,,,,,,,,,,,,,,,,,,,,,,,,,,,,,,,,,,,,,,,,,,,,,,,,,,,,,
,,,,,,,,,,,,,,,,,,,,,,,,,,,,,,,,,,,,,,,,,,,,,,,,,,,,,,,,,,,,,,,,,,,,,,,,,,,,,,,,,,,,,,,,,,,,,,,,,,,,,,,,,,,,,,,,,,,,,,,,,,,,,,,,,,,,,,,,,,,,,,,,,,,,,,,,,,,,,,,,,,,,,,,,,,,,,,,,,,,,,,,,,,,,,,,,,,,,,,,,,,,,,,,,,,,,,,,,,,,,,,,,,,,,,,,,,,,,,,,,,,,,,,,,,,,,,,,,,,,,,,,,,,,,,,,,,,,,,,,,,,,,,,,,,,,,,,,,,,,,,,,,,,,,,,,,,,,,,,,,,,,,,,,,,,,,,,,,,,,,,,,,,,,,,,,,,,,,,,,,,,,,,,,,,,,,,,,,,,,,,,,,,,,,,,,,,,,,,,,,,,,,,,,,,,,,,,,,,,,,,,,,,,,,,,,,,,,,,,,,,,,,,,,,,,,,,,,,,,,,,,,,,,,,,,,,,,,,,,,,,,,,,,,,,,,,,,,,,,,,,,,,,,,,,,,,,,,,,,,,,,,,,,,,,,,,,,,,,,,,,,,,,,,,,,,,,,,,,,,,,,,,,,,,,,,,,,,,,,,,,,,,,,,,,,,,,,,,,,,,,,,,,,,,,,,,,,,,,,,,,,,,,,,,,,,,,,,,,,,,,,,,,,,,,,,,,,,,,,,,,,,,,,,,,,,,,,,,,,,,,,,,,,,,,,,,,,,,,,,,,,,,,,,,,,,,,,,,,,,,,,,,,,,,,,,,,,,,,,,,,,,,,,,,,,,,,,,,,,,,,,,,,,,,,,,,,,,,,,,,,,,,,,,,,
,,,,,,,,,,,,,,,,,,,,,,,,,,,,,,,,,,,,,,,,,,,,,,,,,,,,,,,,,,,,,,,,,,,,,,,,,,,,,,,,,,,,,,,,,,,,,,,,,,,,,,,,,,,,,,,,,,,,,,,,,,,,,,,,,,,,,,,,,,,,,,,,,,,,,,,,,,,,,,,,,,,,,,,,,,,,,,,,,,,,,,,,,,,,,,,,,,,,,,,,,,,,,,,,,,,,,,,,,,,,,,,,,,,,,,,,,,,,,,,,,,,,,,,,,,,,,,,,,,,,,,,,,,,,,,,,,,,,,,,,,,,,,,,,,,,,,,,,,,,,,,,,,,,,,,,,,,,,,,,,,,,,,,,,,,,,,,,,,,,,,,,,,,,,,,,,,,,,,,,,,,,,,,,,,,,,,,,,,,,,,,,,,,,,,,,,,,,,,,,,,,,,,,,,,,,,,,,,,,,,,,,,,,,,,,,,,,,,,,,,,,,,,,,,,,,,,,,,,,,,,,,,,,,,,,,,,,,,,,,,,,,,,,,,,,,,,,,,,,,,,,,,,,,,,,,,,,,,,,,,,,,,,,,,,,,,,,,,,,,,,,,,,,,,,,,,,,,,,,,,,,,,,,,,,,,,,,,,,,,,,,,,,,,,,,,,,,,,,,,,,,,,,,,,,,,,,,,,,,,,,,,,,,,,,,,,,,,,,,,,,,,,,,,,,,,,,,,,,,,,,,,,,,,,,,,,,,,,,,,,,,,,,,,,,,,,,,,,,,,,,,,,,,,,,,,,,,,,,,,,,,,,,,,,,,,,,,,,,,,,,,,,,,,,,,,,,,,,,,,,,,,,,,,,,,,,,,,,,,,,,,,,,,,,,
,Canada,,,,,,,,,,,,,,,,,,,,,,,,,,,,,,,,,,,,,,,,,,,,,,,,,,,,,,,,,,,,,,,,,,,,,,,,,,,,,,,,,,,,,,,,,,,,,,,,,,,,,,,,,,,,,,,,,,,,,,,,,,,,,,,,,,,,,,,,,,,,,,,,,,,,,,,,,,,,,,,,,,,,,,,,,,,,,,,,,,,,,,,,,,,,,,,,,,,,,,,,,,,,,,,,,,,,,,,,,,,,,,,,,,,,,,,,,,,,,,,,,,,,,,,,,,,,,,,,,,,,,,,,,,,,,,,,,,,,,,,,,,,,,,,,,,,,,,,,,,,,,,,,,,,,,,,,,,,,,,,,,,,,,,,,,,,,,,,,,,,,,,,,,,,,,,,,,,,,,,,,,,,,,,,,,,,,,,,,,,,,,,,,,,,,,,,,,,,,,,,,,,,,,,,,,,,,,,,,,,,,,,,,,,,,,,,,,,,,,,,,,,,,,,,,,,,,,,,,,,,,,,,,,,,,,,,,,,,,,,,,,,,,,,,,,,,,,,,,,,,,,,,,,,,,,,,,,,,,,,,,,,,,,,,,,,,,,,,,,,,,,,,,,,,,,,,,,,,,,,,,,,,,,,,,,,,,,,,,,,,,,,,,,,,,,,,,,,,,,,,,,,,,,,,,,,,,,,,,,,,,,,,,,,,,,,,,,,,,,,,,,,,,,,,,,,,,,,,,,,,,,,,,,,,,,,,,,,,,,,,,,,,,,,,,,,,,,,,,,,,,,,,,,,,,,,,,,,,,,,,,,,,,,,,,,,,,,,,,,,,,,,,,,,,,,,,,,,,,,,,,,,,,,,,,,,,,,,,,,,,,,,,,,,,,
North American Product Classification System (NAPCS),Jan-56,Feb-56,Mar-56,Apr-56,May-56,Jun-56,Jul-56,Aug-56,Sep-56,Oct-56,Nov-56,Dec-56,Jan-57,Feb-57,Mar-57,Apr-57,May-57,Jun-57,Jul-57,Aug-57,Sep-57,Oct-57,Nov-57,Dec-57,Jan-58,Feb-58,Mar-58,Apr-58,May-58,Jun-58,Jul-58,Aug-58,Sep-58,Oct-58,Nov-58,Dec-58,Jan-59,Feb-59,Mar-59,Apr-59,May-59,Jun-59,Jul-59,Aug-59,Sep-59,Oct-59,Nov-59,Dec-59,Jan-60,Feb-60,Mar-60,Apr-60,May-60,Jun-60,Jul-60,Aug-60,Sep-60,Oct-60,Nov-60,Dec-60,Jan-61,Feb-61,Mar-61,Apr-61,May-61,Jun-61,Jul-61,Aug-61,Sep-61,Oct-61,Nov-61,Dec-61,Jan-62,Feb-62,Mar-62,Apr-62,May-62,Jun-62,Jul-62,Aug-62,Sep-62,Oct-62,Nov-62,Dec-62,Jan-63,Feb-63,Mar-63,Apr-63,May-63,Jun-63,Jul-63,Aug-63,Sep-63,Oct-63,Nov-63,Dec-63,Jan-64,Feb-64,Mar-64,Apr-64,May-64,Jun-64,Jul-64,Aug-64,Sep-64,Oct-64,Nov-64,Dec-64,Jan-65,Feb-65,Mar-65,Apr-65,May-65,Jun-65,Jul-65,Aug-65,Sep-65,Oct-65,Nov-65,Dec-65,Jan-66,Feb-66,Mar-66,Apr-66,May-66,Jun-66,Jul-66,Aug-66,Sep-66,Oct-66,Nov-66,Dec-66,Jan-67,Feb-67,Mar-67,Apr-67,May-67,Jun-67,Jul-67,Aug-67,Sep-67,Oct-67,Nov-67,Dec-67,Jan-68,Feb-68,Mar-68,Apr-68,May-68,Jun-68,Jul-68,Aug-68,Sep-68,Oct-68,Nov-68,Dec-68,Jan-69,Feb-69,Mar-69,Apr-69,May-69,Jun-69,Jul-69,Aug-69,Sep-69,Oct-69,Nov-69,Dec-69,Jan-70,Feb-70,Mar-70,Apr-70,May-70,Jun-70,Jul-70,Aug-70,Sep-70,Oct-70,Nov-70,Dec-70,Jan-71,Feb-71,Mar-71,Apr-71,May-71,Jun-71,Jul-71,Aug-71,Sep-71,Oct-71,Nov-71,Dec-71,Jan-72,Feb-72,Mar-72,Apr-72,May-72,Jun-72,Jul-72,Aug-72,Sep-72,Oct-72,Nov-72,Dec-72,Jan-73,Feb-73,Mar-73,Apr-73,May-73,Jun-73,Jul-73,Aug-73,Sep-73,Oct-73,Nov-73,Dec-73,Jan-74,Feb-74,Mar-74,Apr-74,May-74,Jun-74,Jul-74,Aug-74,Sep-74,Oct-74,Nov-74,Dec-74,Jan-75,Feb-75,Mar-75,Apr-75,May-75,Jun-75,Jul-75,Aug-75,Sep-75,Oct-75,Nov-75,Dec-75,Jan-76,Feb-76,Mar-76,Apr-76,May-76,Jun-76,Jul-76,Aug-76,Sep-76,Oct-76,Nov-76,Dec-76,Jan-77,Feb-77,Mar-77,Apr-77,May-77,Jun-77,Jul-77,Aug-77,Sep-77,Oct-77,Nov-77,Dec-77,Jan-78,Feb-78,Mar-78,Apr-78,May-78,Jun-78,Jul-78,Aug-78,Sep-78,Oct-78,Nov-78,Dec-78,Jan-79,Feb-79,Mar-79,Apr-79,May-79,Jun-79,Jul-79,Aug-79,Sep-79,Oct-79,Nov-79,Dec-79,Jan-80,Feb-80,Mar-80,Apr-80,May-80,Jun-80,Jul-80,Aug-80,Sep-80,Oct-80,Nov-80,Dec-80,Jan-81,Feb-81,Mar-81,Apr-81,May-81,Jun-81,Jul-81,Aug-81,Sep-81,Oct-81,Nov-81,Dec-81,Jan-82,Feb-82,Mar-82,Apr-82,May-82,Jun-82,Jul-82,Aug-82,Sep-82,Oct-82,Nov-82,Dec-82,Jan-83,Feb-83,Mar-83,Apr-83,May-83,Jun-83,Jul-83,Aug-83,Sep-83,Oct-83,Nov-83,Dec-83,Jan-84,Feb-84,Mar-84,Apr-84,May-84,Jun-84,Jul-84,Aug-84,Sep-84,Oct-84,Nov-84,Dec-84,Jan-85,Feb-85,Mar-85,Apr-85,May-85,Jun-85,Jul-85,Aug-85,Sep-85,Oct-85,Nov-85,Dec-85,Jan-86,Feb-86,Mar-86,Apr-86,May-86,Jun-86,Jul-86,Aug-86,Sep-86,Oct-86,Nov-86,Dec-86,Jan-87,Feb-87,Mar-87,Apr-87,May-87,Jun-87,Jul-87,Aug-87,Sep-87,Oct-87,Nov-87,Dec-87,Jan-88,Feb-88,Mar-88,Apr-88,May-88,Jun-88,Jul-88,Aug-88,Sep-88,Oct-88,Nov-88,Dec-88,Jan-89,Feb-89,Mar-89,Apr-89,May-89,Jun-89,Jul-89,Aug-89,Sep-89,Oct-89,Nov-89,Dec-89,Jan-90,Feb-90,Mar-90,Apr-90,May-90,Jun-90,Jul-90,Aug-90,Sep-90,Oct-90,Nov-90,Dec-90,Jan-91,Feb-91,Mar-91,Apr-91,May-91,Jun-91,Jul-91,Aug-91,Sep-91,Oct-91,Nov-91,Dec-91,Jan-92,Feb-92,Mar-92,Apr-92,May-92,Jun-92,Jul-92,Aug-92,Sep-92,Oct-92,Nov-92,Dec-92,Jan-93,Feb-93,Mar-93,Apr-93,May-93,Jun-93,Jul-93,Aug-93,Sep-93,Oct-93,Nov-93,Dec-93,Jan-94,Feb-94,Mar-94,Apr-94,May-94,Jun-94,Jul-94,Aug-94,Sep-94,Oct-94,Nov-94,Dec-94,Jan-95,Feb-95,Mar-95,Apr-95,May-95,Jun-95,Jul-95,Aug-95,Sep-95,Oct-95,Nov-95,Dec-95,Jan-96,Feb-96,Mar-96,Apr-96,May-96,Jun-96,Jul-96,Aug-96,Sep-96,Oct-96,Nov-96,Dec-96,Jan-97,Feb-97,Mar-97,Apr-97,May-97,Jun-97,Jul-97,Aug-97,Sep-97,Oct-97,Nov-97,Dec-97,Jan-98,Feb-98,Mar-98,Apr-98,May-98,Jun-98,Jul-98,Aug-98,Sep-98,Oct-98,Nov-98,Dec-98,Jan-99,Feb-99,Mar-99,Apr-99,May-99,Jun-99,Jul-99,Aug-99,Sep-99,Oct-99,Nov-99,Dec-99,Jan-00,Feb-00,Mar-00,Apr-00,May-00,Jun-00,Jul-00,Aug-00,Sep-00,Oct-00,Nov-00,Dec-00,Jan-01,Feb-01,Mar-01,Apr-01,May-01,Jun-01,Jul-01,Aug-01,Sep-01,Oct-01,Nov-01,Dec-01,Jan-02,Feb-02,Mar-02,Apr-02,May-02,Jun-02,Jul-02,Aug-02,Sep-02,Oct-02,Nov-02,Dec-02,Jan-03,Feb-03,Mar-03,Apr-03,May-03,Jun-03,Jul-03,Aug-03,Sep-03,Oct-03,Nov-03,Dec-03,Jan-04,Feb-04,Mar-04,Apr-04,May-04,Jun-04,Jul-04,Aug-04,Sep-04,Oct-04,Nov-04,Dec-04,Jan-05,Feb-05,Mar-05,Apr-05,May-05,Jun-05,Jul-05,Aug-05,Sep-05,Oct-05,Nov-05,Dec-05,Jan-06,Feb-06,Mar-06,Apr-06,May-06,Jun-06,Jul-06,Aug-06,Sep-06,Oct-06,Nov-06,Dec-06,Jan-07,Feb-07,Mar-07,Apr-07,May-07,Jun-07,Jul-07,Aug-07,Sep-07,Oct-07,Nov-07,Dec-07,Jan-08,Feb-08,Mar-08,Apr-08,May-08,Jun-08,Jul-08,Aug-08,Sep-08,Oct-08,Nov-08,Dec-08,Jan-09,Feb-09,Mar-09,Apr-09,May-09,Jun-09,Jul-09,Aug-09,Sep-09,Oct-09,Nov-09,Dec-09,Jan-10,Feb-10,Mar-10,Apr-10,May-10,Jun-10,Jul-10,Aug-10,Sep-10,Oct-10,Nov-10,Dec-10,Jan-11,Feb-11,Mar-11,Apr-11,May-11,Jun-11,Jul-11,Aug-11,Sep-11,Oct-11,Nov-11,Dec-11,Jan-12,Feb-12,Mar-12,Apr-12,May-12,Jun-12,Jul-12,Aug-12,Sep-12,Oct-12,Nov-12,Dec-12,Jan-13,Feb-13,Mar-13,Apr-13,May-13,Jun-13,Jul-13,Aug-13,Sep-13,Oct-13,Nov-13,Dec-13,Jan-14,Feb-14,Mar-14,Apr-14,May-14,Jun-14,Jul-14,Aug-14,Sep-14,Oct-14,Nov-14,Dec-14,Jan-15,Feb-15,Mar-15,Apr-15,May-15,Jun-15,Jul-15,Aug-15,Sep-15,Oct-15,Nov-15,Dec-15,Jan-16,Feb-16,Mar-16,Apr-16,May-16,Jun-16,Jul-16,Aug-16,Sep-16,Oct-16,Nov-16,Dec-16,Jan-17,Feb-17,Mar-17,Apr-17,May-17,Jun-17,Jul-17,Aug-17,Sep-17,Oct-17,Nov-17,Dec-17,Jan-18,Feb-18,Mar-18,Apr-18,May-18,Jun-18,Jul-18,Aug-18,Sep-18,Oct-18,Nov-18,Dec-18,Jan-19,Feb-19,Mar-19,Apr-19,May-19,Jun-19,Jul-19,Aug-19,Sep-19,Oct-19,Nov-19,Dec-19,Jan-20,Feb-20,Mar-20,Apr-20,May-20,Jun-20,Jul-20,Aug-20,Sep-20,Oct-20,Nov-20,Dec-20,Jan-21,Feb-21,Mar-21,Apr-21,May-21,Jun-21,Jul-21,Aug-21,Sep-21
,"Index, 202001=100",,,,,,,,,,,,,,,,,,,,,,,,,,,,,,,,,,,,,,,,,,,,,,,,,,,,,,,,,,,,,,,,,,,,,,,,,,,,,,,,,,,,,,,,,,,,,,,,,,,,,,,,,,,,,,,,,,,,,,,,,,,,,,,,,,,,,,,,,,,,,,,,,,,,,,,,,,,,,,,,,,,,,,,,,,,,,,,,,,,,,,,,,,,,,,,,,,,,,,,,,,,,,,,,,,,,,,,,,,,,,,,,,,,,,,,,,,,,,,,,,,,,,,,,,,,,,,,,,,,,,,,,,,,,,,,,,,,,,,,,,,,,,,,,,,,,,,,,,,,,,,,,,,,,,,,,,,,,,,,,,,,,,,,,,,,,,,,,,,,,,,,,,,,,,,,,,,,,,,,,,,,,,,,,,,,,,,,,,,,,,,,,,,,,,,,,,,,,,,,,,,,,,,,,,,,,,,,,,,,,,,,,,,,,,,,,,,,,,,,,,,,,,,,,,,,,,,,,,,,,,,,,,,,,,,,,,,,,,,,,,,,,,,,,,,,,,,,,,,,,,,,,,,,,,,,,,,,,,,,,,,,,,,,,,,,,,,,,,,,,,,,,,,,,,,,,,,,,,,,,,,,,,,,,,,,,,,,,,,,,,,,,,,,,,,,,,,,,,,,,,,,,,,,,,,,,,,,,,,,,,,,,,,,,,,,,,,,,,,,,,,,,,,,,,,,,,,,,,,,,,,,,,,,,,,,,,,,,,,,,,,,,,,,,,,,,,,,,,,,,,,,,,,,,,,,,,,,,,,,,,,,,,,,,,,,,,,,,,,,,,,,,,,,,,,,,,,,,,,,,,,,,,,,,,,,,,,,,,,,,,,,,,,,,
"Total, Industrial product price index (IPPI)",13.3,13.3,13.4,13.4,13.4,13.5,13.4,13.5,13.5,13.5,13.6,13.6,13.7,13.7,13.7,13.7,13.7,13.7,13.7,13.7,13.7,13.7,13.7,13.7,13.7,13.7,13.7,13.7,13.7,13.7,13.7,13.7,13.7,13.7,13.8,13.8,13.8,13.8,13.8,13.8,13.8,13.8,13.8,13.8,13.9,13.8,13.8,13.8,13.9,13.8,13.8,13.9,13.8,13.9,13.9,13.9,13.9,13.9,13.8,13.9,13.9,13.9,13.8,13.9,13.8,14,13.9,13.9,13.9,13.9,13.9,14,14,14,14,14,14.1,14.1,14.2,14.2,14.2,14.2,14.2,14.2,14.2,14.2,14.2,14.2,14.2,14.3,14.3,14.3,14.3,14.3,14.4,14.3,14.4,14.4,14.4,14.4,14.4,14.4,14.4,14.4,14.4,14.4,14.4,14.4,14.4,14.5,14.5,14.5,14.5,14.7,14.7,14.7,14.7,14.7,14.7,14.7,14.8,14.9,15,14.9,15,15,15,15,15.1,15,15.1,15.1,15.1,15.2,15.3,15.3,15.4,15.4,15.4,15.4,15.4,15.4,15.4,15.4,15.5,15.5,15.6,15.5,15.5,15.6,15.6,15.6,15.7,15.7,15.8,15.8,15.9,16.1,16.1,16.1,16.1,16.2,16.1,16.1,16.2,16.2,16.3,16.4,16.6,16.7,16.8,16.8,16.8,16.6,16.5,16.4,16.4,16.5,16.5,16.5,16.7,16.8,16.8,16.8,16.8,16.8,17,17,17,17,17,17.1,17.3,17.4,17.5,17.6,17.6,17.6,17.7,17.7,17.8,17.8,17.9,18.1,18.4,18.6,18.8,19,19.3,19.5,19.8,20.3,20.2,20.4,20.5,20.8,21.5,21.8,22.1,22.7,22.9,23.1,23.6,24,24.2,24.6,24.9,24.9,25.3,25.4,25.4,25.6,25.9,25.9,26,26.3,26.4,26.6,26.6,26.7,26.9,26.9,26.9,27,27.2,27.3,27.4,27.4,27.6,27.6,27.7,28,28.3,28.6,28.9,29.3,29.4,29.4,29.7,29.7,29.9,30,30.1,30.3,30.7,30.9,31.2,31.7,31.8,32,32.1,32.4,32.7,33.4,33.6,33.7,34.7,35.3,35.6,36,36.3,36.5,37,37.2,37.8,38.5,38.6,39,40.5,40.7,40.5,40.8,41,41.2,41.6,42.2,42.6,43.2,43.6,43.7,44.2,44.6,44.9,45.3,45.6,46.1,46.4,46.8,46.9,47.3,47.2,47.3,47.9,48.2,48.5,48.9,49.1,49.3,49.4,49.3,49.7,49.8,49.7,49.7,49.7,49.7,50.2,50.4,50.7,51.1,51.2,51.3,51.2,51.4,51.4,51.7,52.1,52.3,52.7,53.1,53.1,53.1,53.5,53.5,53.4,53.4,53.7,53.8,54.1,54.2,54.5,54.5,54.6,54.6,54.6,54.5,54.6,54.8,54.9,55.3,55.2,55.1,55,54.9,54.5,54.7,54.8,55.1,55.2,55.5,55.5,55.4,55.7,55.5,55.5,55.9,56.4,56.5,56.8,57.1,57.1,57.3,57.7,57.8,58.3,58.1,58.3,58.5,58.8,59,59.3,59.5,59.5,59.5,59.9,59.9,60.3,60.3,60.5,60.4,60.4,60.5,60.4,60.3,60.2,60.1,59.9,59.8,59.8,60.3,60.2,60.1,60.4,60.3,60.1,60.2,60.7,60.9,61.1,61.2,61.2,60.9,60.4,60.1,59.8,59.8,59.6,59.3,59.2,59.2,59.2,59.1,58.8,59.4,59.5,59.4,59.8,60,60.1,60.2,60.5,60.9,61.2,61.3,61.9,61.9,62.1,62,61.9,61.7,61.8,62.3,62.4,62.8,63,63.4,63.6,64.3,64.6,64.9,65.3,66,66.3,67,66.7,67.2,68,68.6,70.2,70.4,70.8,70.5,70.5,71,71.3,71.2,71.5,71.2,71.3,71.5,71.4,71.4,70.9,70.8,71.5,71,71,71.5,71.6,71.3,71.2,71.5,71.4,71.4,71.5,72.1,72,71.7,71.5,72,71.8,71.7,72.1,72,72,71.9,71,71.7,71.7,71.8,72.1,72.5,72.1,72.7,72.7,72.1,72.1,71.7,72.5,72.5,72.6,72.7,73.8,73.9,74.3,74.3,74.4,74.8,74.8,75.5,76.1,76.1,76.4,76.4,76.4,76.4,76.7,77.4,77.9,77.5,77.1,77.5,77.8,78.2,78.5,77.5,76.9,76.9,77.5,76.4,76.3,75.5,76.2,76.6,77.1,77.3,76.8,76.6,76.8,77.4,78,78.2,77.9,77.7,78.1,78.8,78.5,77.1,75.4,74.8,75.7,76.1,76.1,75.1,74.8,75,75.6,77.3,77.8,78.8,80.4,80,79.8,80.2,79.8,79.3,77.8,77.9,78.6,79.6,80,80.3,80.2,80,79.8,80.1,80.7,80.8,80.2,80,80.6,80.2,81,82,82.2,82.1,83.5,82.9,81.6,81.5,81.6,82.7,82.9,83.7,84.9,85.1,84.8,83.8,83.3,82.5,81.8,80.8,81.3,82.3,83.2,83.2,84.9,86.3,87.2,88.8,89.6,89.8,88.8,88.7,86.1,83.9,83.9,84.3,84.6,84.3,83.3,83.7,83.2,83.6,83.2,82.9,83.6,83.6,84.1,84.1,84.1,84.5,84.8,84.2,84.1,84.4,85.1,85.8,86.6,87.4,88,89,90.5,91.4,91,91,91,91.7,92.1,91.5,91.8,90.9,91.4,92.1,92.6,92.7,92,91.5,91.1,91.2,92.2,92,91.7,91.4,91.8,93.1,92.9,91.9,91.8,92,92.1,92.5,92.2,91.8,91.9,92.6,94,95.1,95.6,95.4,94.8,94.9,94.7,94.9,94.6,94,93.7,92.2,92,93.8,94,93.2,93.7,94.2,94.9,94.5,94.1,93.7,93.4,93.2,93.6,92.7,92.1,91.7,92.7,93.5,93.8,93.5,93.8,94.6,95,95.2,95.9,96.1,96.9,97.4,97.6,96.5,95.1,95.4,95.1,96.1,97.6,97.5,98.1,98.3,99.2,99.8,101,101.6,101.3,100.8,101,101.1,100.2,99.5,99.1,99.4,100.6,101.5,101.4,99.9,99.6,99.8,99.7,99.7,99.8,100,100,100,98.9,97,97.9,98,99.1,100.1,100.8,100.9,100.5,102.1,104.3,107.4,109.2,111.5,115,115.1,115.1,114.8,116.2
"Meat, fish and dairy products  [P11]",..,..,..,..,..,..,..,..,..,..,..,..,..,..,..,..,..,..,..,..,..,..,..,..,..,..,..,..,..,..,..,..,..,..,..,..,..,..,..,..,..,..,..,..,..,..,..,..,..,..,..,..,..,..,..,..,..,..,..,..,..,..,..,..,..,..,..,..,..,..,..,..,..,..,..,..,..,..,..,..,..,..,..,..,..,..,..,..,..,..,..,..,..,..,..,..,..,..,..,..,..,..,..,..,..,..,..,..,..,..,..,..,..,..,..,..,..,..,..,..,..,..,..,..,..,..,..,..,..,..,..,..,..,..,..,..,..,..,..,..,..,..,..,..,..,..,..,..,..,..,..,..,..,..,..,..,..,..,..,..,..,..,..,..,..,..,..,..,..,..,..,..,..,..,..,..,..,..,..,..,..,..,..,..,..,..,..,..,..,..,..,..,..,..,..,..,..,..,..,..,..,..,..,..,..,..,..,..,..,..,..,..,..,..,..,..,..,..,..,..,..,..,..,..,..,..,..,..,..,..,..,..,..,..,..,..,..,..,..,..,..,..,..,..,..,..,..,..,..,..,..,..,..,..,..,..,..,..,..,..,..,..,..,..,..,..,..,..,..,..,..,..,..,..,..,..,..,..,..,..,..,..,..,..,..,..,..,..,..,..,..,..,..,..,..,..,..,..,..,..,41.3,41.5,41.1,41.6,41.7,42.7,43,43.5,43.5,43.3,42.8,42.6,42.5,43,43.5,44.8,46.3,46.7,46.5,46.6,46.6,46.1,45.5,45.3,45.3,46.1,45.8,46,46,46,45.6,45.8,45.9,45.4,45.6,46.1,46.9,47.2,47.4,47.9,48.2,48.5,49,49.3,49,48.2,48.5,48.8,48.8,49,49,48.2,48.3,48.8,48.9,48.2,48,48.7,49.3,49.8,49.6,49,48.8,48.8,49,50.1,51.6,52.8,53.3,53.1,53.5,53.3,52.8,52.3,52.3,52.3,53.6,53.8,54,54.1,54.4,53.8,53.4,53.1,53,53.3,53.2,53.3,53.7,54,53.6,54,54,53.8,53.7,53.4,53.8,53.8,53.8,53.8,53.9,54.2,54.1,54.1,53.9,54.1,54.3,54.5,54.6,54.6,54.8,54.9,55.8,55.9,55.8,55.8,55.9,56.2,56.2,56.1,56.3,56.5,56.5,56.2,56.5,56.6,56.2,56.2,55.8,55.7,55.4,55.4,54.9,56,55.7,55.7,56.4,56.8,56.4,57.5,57.6,57.5,57.9,58.1,58.7,58.8,58.9,59.4,60.1,59.7,59.9,60.6,60.2,60.6,60.5,60.4,60.2,61.2,61.6,61.4,61.3,61,61.2,62.1,61.9,61.6,60.6,60.2,60.8,62.5,62.3,61.9,62.1,62,62.7,63,64,63.4,63.4,63.9,63.7,63.9,64,64.8,66.2,65.5,66.2,68.2,66.8,67,66,66.8,66.8,66.8,67.3,68.4,68.9,68.5,68.5,68.8,68.1,67.1,67.3,66.6,66.4,66.4,66.2,66.4,67.3,67.4,67.6,68,67.6,66.8,66.6,66,66.8,67.5,66.8,67.3,67.9,67.6,67.9,69.6,68.8,68.9,68.2,69,69.7,69.8,70.3,71.4,71.8,72,71.9,71.9,70.3,70.5,70.3,70.2,71.1,72.1,73.1,74.3,73.3,73.3,74.3,74.4,73.5,72.9,71.8,71.9,72.2,73.2,73.4,72.7,72,71.9,73.1,72.7,71.9,72.8,72.4,73.6,74.2,74.6,75.1,74.6,74.6,74.1,72.4,71.4,72.2,72.2,72.7,73.1,72.3,74,74.8,75.9,77,76.5,76.9,76.1,73.2,72.9,71.6,72.1,72.5,73.5,73.4,72.8,73.3,71.6,71.4,72.5,72.1,71.7,71.5,71.6,71.3,71.2,71.5,71,71.5,71.9,73.5,72.7,73.5,72.2,72.6,72.8,73.5,75,75.4,75.6,75.6,75,75.2,74.4,73.7,71.9,71.8,72.6,72.6,72.7,73.2,73.4,74.6,75.2,76.1,77.2,76.1,75.8,75.9,75.9,75.9,76.2,77.1,77.2,76.2,75.9,75.9,75.7,75.4,75,75.3,75.1,75,75.2,75.4,75.8,76.1,75.7,75.6,75.8,76.6,76.4,75.9,76.1,75.9,77.3,78.3,78.8,78.1,77.8,78.1,78.6,78.2,78.3,78.2,78.4,78.4,79.7,80,79.8,79.9,80.7,80.6,80.4,80.1,80.5,80.4,79.6,80.5,80.6,80.5,80.7,81.8,83.1,83.8,83.7,82.8,82.2,81.8,81.9,82.3,83.9,87.2,89.6,88.9,90,92.3,91.6,91.2,91.3,91.2,91.6,92.3,92.2,92,92.4,94.1,95,95.1,95.8,95.5,94.8,93.7,92.4,94,95.2,93.9,93.6,92.9,94.4,93.9,92,92.2,92.2,91.6,90.2,92,93.6,94.3,94.2,95.9,98,97.6,96.3,93.2,92.6,93.8,93.6,94.1,93.8,93.4,93.3,93.9,94.7,95.3,93.3,93.1,94.3,94.1,94.1,95.2,94.5,95.7,98.7,99.6,99.3,97.4,100.1,96.6,96.3,97.4,99.5,100,99.9,101.7,107,114,108.3,101.5,101.7,102.8,101.9,100.3,97.6,99.2,102.8,104,108.3,112.4,115.2,110.3,114.3,113.4
"Fruit, vegetables, feed and other food products  [P12]",..,..,..,..,..,..,..,..,..,..,..,..,..,..,..,..,..,..,..,..,..,..,..,..,..,..,..,..,..,..,..,..,..,..,..,..,..,..,..,..,..,..,..,..,..,..,..,..,..,..,..,..,..,..,..,..,..,..,..,..,..,..,..,..,..,..,..,..,..,..,..,..,..,..,..,..,..,..,..,..,..,..,..,..,..,..,..,..,..,..,..,..,..,..,..,..,..,..,..,..,..,..,..,..,..,..,..,..,..,..,..,..,..,..,..,..,..,..,..,..,..,..,..,..,..,..,..,..,..,..,..,..,..,..,..,..,..,..,..,..,..,..,..,..,..,..,..,..,..,..,..,..,..,..,..,..,..,..,..,..,..,..,..,..,..,..,..,..,..,..,..,..,..,..,..,..,..,..,..,..,..,..,..,..,..,..,..,..,..,..,..,..,..,..,..,..,..,..,..,..,..,..,..,..,..,..,..,..,..,..,..,..,..,..,..,..,..,..,..,..,..,..,..,..,..,..,..,..,..,..,..,..,..,..,..,..,..,..,..,..,..,..,..,..,..,..,..,..,..,..,..,..,..,..,..,..,..,..,..,..,..,..,..,..,..,..,..,..,..,..,..,..,..,..,..,..,..,..,..,..,..,..,..,..,..,..,..,..,..,..,..,..,..,..,..,..,..,..,..,..,47.4,47,46.7,46.5,46.5,46.7,46.8,46.7,46.1,46.1,46.2,46.3,46.8,46.9,47.1,47.2,47.2,47.2,47.7,47.4,46.7,46.6,46.6,47.1,47.3,47.4,47.5,47.9,48.7,48.9,49,49.9,50.5,51.1,51.1,51,51.4,51.2,51.5,52,52.3,53,52.8,52.8,52.5,52.3,52.2,52,52.5,52.7,52.8,53,52.8,52.8,52.8,52.8,52.3,52.5,52.5,52.8,53.8,54.3,54.4,54.7,54.6,54.4,54.3,54.4,54.1,54.2,54.3,54.3,54.7,54.7,54.8,54.6,54.9,55,55.3,55.1,55.1,55.3,55.6,55.9,57,57.1,57,57.3,57.8,59.1,60.3,60.2,60.5,60.7,60.6,60.7,61.2,61.2,61.3,61.3,61.5,61.4,61.5,61.3,61.2,60.7,60.7,60.6,61.2,61.2,61.2,61.7,61.8,61.8,61.7,61.5,61.2,61.1,60.8,61,61,60.8,61,61.2,61,60.9,60.9,61,61.2,61.3,61.4,61.7,61.5,61.5,61.8,61.8,62.1,62.3,62.1,62,61.8,61.9,62,62.3,62.3,62.1,62.1,62.2,62.4,62.5,62.9,62.8,62.9,63.1,63.6,64.1,64.6,64.9,65,65.2,65.5,65.9,65.8,66.3,66.4,66.5,66.9,67.2,67.5,67.1,67.5,67.5,67.5,67.5,67.8,67.9,68,68.3,68.7,69.4,69.5,69.5,69.9,70.5,71,71.4,71.4,71.5,71.3,70.2,70,70.2,70,70.3,71.2,71.6,71.8,71,70.5,70.7,70.8,70.5,71,70.5,70.2,70,69.7,69.8,69.7,69.6,69.5,69,68.3,68.5,68.9,68.9,68.7,68,68.2,68,67.8,67.8,67.5,67.7,67.5,67.2,67.3,66.9,67.1,67.1,67.6,67.6,67.8,67.8,67.5,67.7,67.8,67.9,68.1,68.5,68.6,68.7,69,68.9,69.1,69.7,70.1,70,70,70,70.2,70.2,70.8,70.8,71.1,70.9,71.1,71.3,72.1,72.4,73.2,73.2,73.4,73.6,73.6,73.7,73.6,73.5,73.6,73.3,73.3,73,73.6,73.8,74.2,74.1,74.4,74.7,75.4,76.1,76.1,75.8,75.8,74.6,74,73.4,72.6,72.8,72.4,72.7,73.3,73.2,73.4,73.6,73.9,73.4,73.1,73.4,73.6,74.1,74.4,74.2,74.5,74.4,74.3,74.4,74.5,74,74.1,75,75.9,76.2,76.7,77.2,77.6,77.2,77.2,77.6,77.7,77.6,78.2,78.7,79.1,80.4,81.9,83.4,83.5,84.2,84.4,85.7,86.1,85.4,84.8,83.8,83.6,83.7,84.7,84.4,84.7,85.2,85.8,86.2,85.4,85.7,84.9,84.7,85.1,85.2,84.5,84,83.4,83.6,83.6,83.6,84.2,85,85.9,87.7,89.1,90.2,91,91.9,91.8,92.8,92.8,93.6,93.4,94.2,94.3,93.6,92.9,92.8,93.4,93.4,94.5,95.4,95.2,95.8,97,98.1,98.1,96.3,96.4,97.1,96,96.5,96.5,96.7,96.7,96.8,96.9,95.7,95.6,94.4,94.3,94.4,94.4,95,95.8,96,96.3,95.8,94.5,94.1,94.3,93.6,93.7,94.7,95.1,95.9,96,95.4,95.1,95.5,96.6,96.7,96.4,96.1,95.7,96.3,97.1,96.8,96.3,96.3,97.3,98.6,98.2,97.7,96.7,96.5,97.3,97.8,97.5,97.3,97.3,97.3,98,97.7,97.8,97.7,97.4,97.6,97.7,97.4,97.6,97.9,98.8,98.9,99.2,99.3,98.4,98.6,98.7,98.9,98.6,98.9,99.1,98.8,98.6,98.5,98.5,98.6,98.6,98.6,98.6,99.2,99.1,99.4,100,100,100.4,99.6,100.7,100.2,100.5,100.1,102.2,103.9,104.3,105.7,106.8,108.6,110.3,112.3,114.3,112.6,114.2,114.1,114.7
Beverages (except juices)  [P13],..,..,..,..,..,..,..,..,..,..,..,..,..,..,..,..,..,..,..,..,..,..,..,..,..,..,..,..,..,..,..,..,..,..,..,..,..,..,..,..,..,..,..,..,..,..,..,..,..,..,..,..,..,..,..,..,..,..,..,..,..,..,..,..,..,..,..,..,..,..,..,..,..,..,..,..,..,..,..,..,..,..,..,..,..,..,..,..,..,..,..,..,..,..,..,..,..,..,..,..,..,..,..,..,..,..,..,..,..,..,..,..,..,..,..,..,..,..,..,..,..,..,..,..,..,..,..,..,..,..,..,..,..,..,..,..,..,..,..,..,..,..,..,..,..,..,..,..,..,..,..,..,..,..,..,..,..,..,..,..,..,..,..,..,..,..,..,..,..,..,..,..,..,..,..,..,..,..,..,..,..,..,..,..,..,..,..,..,..,..,..,..,..,..,..,..,..,..,..,..,..,..,..,..,..,..,..,..,..,..,..,..,..,..,..,..,..,..,..,..,..,..,..,..,..,..,..,..,..,..,..,..,..,..,..,..,..,..,..,..,..,..,..,..,..,..,..,..,..,..,..,..,..,..,..,..,..,..,..,..,..,..,..,..,..,..,..,..,..,..,..,..,..,..,..,..,..,..,..,..,..,..,..,..,..,..,..,..,..,..,..,..,..,..,..,..,..,..,..,..,34.1,34.3,34.4,34.8,35.3,35.4,36.1,36.1,36.6,37.7,37.7,37.7,38.2,38.3,38.7,40.9,41.3,41.4,41.5,41.5,41.6,41.6,41.6,42.3,42.9,42.9,42.9,43.2,43.2,43.4,43.6,43.6,43.9,44.2,44.2,44.1,44.2,44.3,45.3,45.4,45.5,45.6,45.6,45.7,45.6,45.6,45.5,45.5,45.5,45.5,46.2,46.7,46.9,46.9,47,47.3,47.3,48.1,48.1,47.9,49.1,49,49,49.7,49.8,50.1,50.1,50.1,50.1,50,49.7,49.7,50.1,50.3,50.4,51.2,51.3,51.3,51.3,51.3,51.3,51.3,51.3,51.4,51.7,52.1,52.1,52.1,52.1,53,53.5,53.5,53.5,53.4,53.9,54.3,55.3,55.4,55.5,55.8,56.2,56.3,56.3,56.2,56.3,56.3,56.8,56.7,56.9,57.4,57.4,57.8,57.9,58,57.9,57.9,57.9,57.9,58.2,57.9,58.9,58.9,59.1,60.2,60.2,60.2,60.1,60,60,60,60,60.1,60.2,60.2,60.3,60.5,60.5,60.6,60.8,60.8,60.7,60.8,60.9,61,61.6,61.7,61.3,61.2,61.4,61.5,61.5,61.6,61.7,61.7,61.8,61.7,61.5,61.6,61.6,61.7,62.1,61.8,61.9,61.8,61.9,61.8,63.1,62.9,63.1,63,63.1,63.1,63.1,63.3,63.1,63.1,63.2,64.1,64.2,64.2,64.2,64.2,64.4,64.7,65.1,65.1,65.2,65.2,65.2,65.7,65.8,65.9,65.9,66,66,66.8,66.7,66.7,66.8,66.8,66.8,67.5,67.5,67.8,67.7,67.8,67.8,68,68,68.1,68,68.5,68.8,69.3,69.4,69.4,70.2,70.2,70.1,70.5,70.6,70.6,70.6,69.7,70.6,70.8,71,71,71.1,72,72.6,72.6,72.6,72.9,73,73,73.3,73.1,73.5,73.5,74,74,73.9,74.2,74.2,74.2,74.2,74.2,74.5,74.9,75,75.2,75.1,75.8,76.2,76.6,76.3,76.4,76.4,76.4,76.8,77.4,77.6,77.5,77.8,77.6,77.8,78.2,78.4,78.4,78.2,78.6,79.1,79.2,79.2,79.1,80.1,80.1,79.8,80.3,80.6,81.1,80.7,80.9,80.8,80.7,80.4,80.8,81.1,80.9,81.1,81.2,81.3,81.4,81.4,81.6,81.4,81.5,81.6,81.6,82.2,82.3,82.2,82.4,82.4,82.7,82.3,82.4,82.7,82.7,83,83.1,84,83.7,84,84.4,84.4,84.3,84.5,85.2,85,85.1,85.1,85.1,85.7,85.7,86,86.1,86.4,86.3,87,86.9,87,87.9,88.6,88.5,89.2,89.3,89.5,89.8,89.5,89.6,89.3,89.5,89.7,90.6,90.4,90.3,90.5,91,90.9,90.8,91.3,91.1,91,90.9,90.8,91.5,91.5,91.3,91.7,92.1,92,92,92.4,92.5,92.7,93.3,93.4,93.6,93.8,93.7,93.9,94.4,94.7,95.2,95.3,95.1,95.2,95.2,95.2,95.5,95.5,95.3,95.1,95.6,95.6,95.7,94.9,95,95,95,94.4,95.2,95.3,95,95,95.1,95.3,95.4,95.5,95.6,95.6,95.7,95.7,95.7,95.7,95.7,95.8,96,96,96.2,96.2,96.5,96.7,96.8,96.6,96.8,96.8,96.7,97.3,97.4,97.6,97.7,97.6,97.7,97.8,97.8,97.3,97.5,97.6,97.6,98.3,98.6,98.8,98.8,98.8,98.9,98.7,98.8,98.7,98.8,98.7,98.8,98.8,98.8,99.1,99.2,99.3,99.3,99.3,99.2,99.9,99.9,99.9,99.9,99.7,99.7,99.9,100.4,100.4,100.4,100.4,100.5,100.4,100.6,100.2,100.1,100,99.2,100.4,101.4,101.4,101.2,100.5,99.7,100,100.1,100.9,100.4,100.9,101.9,102.2,102.3,100.8,101.9,101.3,100.7,100.5
Tobacco products  [P14],..,..,..,..,..,..,..,..,..,..,..,..,..,..,..,..,..,..,..,..,..,..,..,..,..,..,..,..,..,..,..,..,..,..,..,..,..,..,..,..,..,..,..,..,..,..,..,..,..,..,..,..,..,..,..,..,..,..,..,..,..,..,..,..,..,..,..,..,..,..,..,..,..,..,..,..,..,..,..,..,..,..,..,..,..,..,..,..,..,..,..,..,..,..,..,..,..,..,..,..,..,..,..,..,..,..,..,..,..,..,..,..,..,..,..,..,..,..,..,..,..,..,..,..,..,..,..,..,..,..,..,..,..,..,..,..,..,..,..,..,..,..,..,..,..,..,..,..,..,..,..,..,..,..,..,..,..,..,..,..,..,..,..,..,..,..,..,..,..,..,..,..,..,..,..,..,..,..,..,..,..,..,..,..,..,..,..,..,..,..,..,..,..,..,..,..,..,..,..,..,..,..,..,..,..,..,..,..,..,..,..,..,..,..,..,..,..,..,..,..,..,..,..,..,..,..,..,..,..,..,..,..,..,..,..,..,..,..,..,..,..,..,..,..,..,..,..,..,..,..,..,..,..,..,..,..,..,..,..,..,..,..,..,..,..,..,..,..,..,..,..,..,..,..,..,..,..,..,..,..,..,..,..,..,..,..,..,..,..,..,..,..,..,..,..,..,..,..,..,..,8.3,8.3,8.3,8.4,8.5,8.5,8.5,8.5,8.6,9.2,9.3,9.3,9.3,9.3,9.3,9.3,9.3,9.6,9.7,9.7,10,10,10,10,10,10,10.1,10.4,10.6,10.6,10.6,10.6,10.6,10.6,10.6,10.6,10.6,10.6,10.6,10.9,10.9,11,11.1,11.1,11.2,11.2,11.1,11.1,11.4,11.4,11.4,11.7,11.7,11.7,11.8,11.8,11.7,11.7,12,12,12,12,12,12.1,12.1,12.4,12.5,12.6,12.7,12.9,13,13,12.9,13,13.1,13.2,13.2,13.2,13.2,13.2,13.2,13.2,13.2,13.2,13.2,13.2,13.2,13.5,13.5,13.6,13.8,13.8,13.8,13.9,14.2,14.2,14.2,14.2,14.2,14.2,14.2,14.3,14.3,14.3,14.3,14.3,14.8,14.8,14.9,15,15,15,15,15,15,15,16.5,16.5,16.5,16.5,16.7,16.7,16.7,16.7,16.9,16.9,16.9,16.9,17.8,18.2,18.3,18.3,18.3,18.3,18.3,18.3,18.3,18.5,18.5,18.5,18.5,18.8,19,19,19.2,19.2,19.2,19.2,19.2,19.2,20,20.3,20.3,20.3,20.3,20.3,20.4,20.4,20.4,20.4,20.4,20.4,20.4,20.4,20.4,20.4,20.4,20.4,20.5,20.6,20.6,21,21.2,21.2,21.2,21.2,21.2,21.2,21.2,21.2,21.3,21.3,21.3,21.7,21.7,21.7,22.1,22.3,22.3,22.3,22.3,22.6,22.9,22.9,22.9,23.3,23.6,23.6,23.6,23.6,23.6,23.9,23.9,23.9,24,24,24,24.3,24.3,24.3,24.3,24.3,24.3,24.3,25.1,25.1,25.1,25.1,25.1,25.6,25.9,25.9,25.9,25.9,25.9,25.9,25.9,25.9,26,26,26,26.2,26.7,26.7,26.7,26.7,27.4,27.4,27.4,28.1,28.2,28.2,28.2,29.6,29.6,29.6,29.6,30.9,31.1,31.2,31.2,31.2,31.2,31.2,31.2,32.6,32.6,32.6,32.7,32.7,33.8,34,33.8,34.3,34.3,36.4,36.7,37.8,39.2,39.2,39.3,39.3,39.3,39.3,39.2,39.4,39.4,39.3,39.3,40.1,40.1,40.1,40,40.1,40.1,40.2,40.2,40.2,40.2,40.2,40.2,42,42,42,42.1,42.1,42.1,42.2,42.2,42.5,42.5,43.3,44.4,44.4,44.4,44.4,44.6,44.6,45.6,45.6,48,48.1,48.1,48.1,48.1,48.1,50.6,51.5,51.6,51.6,51.6,51.6,51.6,51.6,51.6,51.6,51.6,52.1,52.1,52.1,52.1,52.3,52.3,52.7,52.8,52.8,52.8,52.8,52.8,52.9,52.9,52.9,52.9,52.9,52.9,52.9,52.9,52.9,52.9,52.9,52.9,52.9,53.5,53.5,53.5,53.4,53.4,53,53,53.4,55.2,55.9,56.4,57,57,57,56.9,56.9,56.9,56.9,56.9,57,57.7,58.5,58.5,58.5,58.7,58.8,58.7,58.7,58.6,58.6,58.6,58.6,58.6,60.4,60.6,60.6,60.5,60.5,61,61,61,61,61.1,61.2,61.3,64.4,64.4,64.4,65,65,64.6,65.5,67.2,67.3,68.6,68.7,69.8,69.9,70,69.9,69.9,69.9,70.1,71.5,71.5,71.4,71.4,71.5,73.3,73.8,73.8,73.6,76,76.1,76.2,76.2,77.7,77.7,77.8,77.8,79.4,79.4,80.2,80.5,81.1,83.3,83.1,83.1,83,84,84.1,84.1,86.2,87.3,88.1,88.6,90.1,91.7,92.4,92.4,92.4,92.4,92.5,92.5,95.1,95.1,95.2,95.7,95.7,95.6,95.6,95.6,96.2,96.2,96.3,96.7,100,100.1,100.5,100.8,100.7,100.5,100.8,100.7,102.4,102.4,102.4,102.3,103,103,134.2,138.5,142.4,142.6,143.2,144.8,144.9
"Cannabis products (except seeds, plants, plant parts and fresh cannabis)  [P15]",..,..,..,..,..,..,..,..,..,..,..,..,..,..,..,..,..,..,..,..,..,..,..,..,..,..,..,..,..,..,..,..,..,..,..,..,..,..,..,..,..,..,..,..,..,..,..,..,..,..,..,..,..,..,..,..,..,..,..,..,..,..,..,..,..,..,..,..,..,..,..,..,..,..,..,..,..,..,..,..,..,..,..,..,..,..,..,..,..,..,..,..,..,..,..,..,..,..,..,..,..,..,..,..,..,..,..,..,..,..,..,..,..,..,..,..,..,..,..,..,..,..,..,..,..,..,..,..,..,..,..,..,..,..,..,..,..,..,..,..,..,..,..,..,..,..,..,..,..,..,..,..,..,..,..,..,..,..,..,..,..,..,..,..,..,..,..,..,..,..,..,..,..,..,..,..,..,..,..,..,..,..,..,..,..,..,..,..,..,..,..,..,..,..,..,..,..,..,..,..,..,..,..,..,..,..,..,..,..,..,..,..,..,..,..,..,..,..,..,..,..,..,..,..,..,..,..,..,..,..,..,..,..,..,..,..,..,..,..,..,..,..,..,..,..,..,..,..,..,..,..,..,..,..,..,..,..,..,..,..,..,..,..,..,..,..,..,..,..,..,..,..,..,..,..,..,..,..,..,..,..,..,..,..,..,..,..,..,..,..,..,..,..,..,..,..,..,..,..,..,..,..,..,..,..,..,..,..,..,..,..,..,..,..,..,..,..,..,..,..,..,..,..,..,..,..,..,..,..,..,..,..,..,..,..,..,..,..,..,..,..,..,..,..,..,..,..,..,..,..,..,..,..,..,..,..,..,..,..,..,..,..,..,..,..,..,..,..,..,..,..,..,..,..,..,..,..,..,..,..,..,..,..,..,..,..,..,..,..,..,..,..,..,..,..,..,..,..,..,..,..,..,..,..,..,..,..,..,..,..,..,..,..,..,..,..,..,..,..,..,..,..,..,..,..,..,..,..,..,..,..,..,..,..,..,..,..,..,..,..,..,..,..,..,..,..,..,..,..,..,..,..,..,..,..,..,..,..,..,..,..,..,..,..,..,..,..,..,..,..,..,..,..,..,..,..,..,..,..,..,..,..,..,..,..,..,..,..,..,..,..,..,..,..,..,..,..,..,..,..,..,..,..,..,..,..,..,..,..,..,..,..,..,..,..,..,..,..,..,..,..,..,..,..,..,..,..,..,..,..,..,..,..,..,..,..,..,..,..,..,..,..,..,..,..,..,..,..,..,..,..,..,..,..,..,..,..,..,..,..,..,..,..,..,..,..,..,..,..,..,..,..,..,..,..,..,..,..,..,..,..,..,..,..,..,..,..,..,..,..,..,..,..,..,..,..,..,..,..,..,..,..,..,..,..,..,..,..,..,..,..,..,..,..,..,..,..,..,..,..,..,..,..,..,..,..,..,..,..,..,..,..,..,..,..,..,..,..,..,..,..,..,..,..,..,..,..,..,..,..,..,..,..,..,..,..,..,..,..,..,..,..,..,..,..,..,..,..,..,..,..,..,..,..,..,..,..,..,..,..,..,..,..,..,..,..,..,..,..,..,..,..,..,..,..,..,..,..,..,..,..,..,..,..,..,..,..,..,..,..,..,..,..,..,..,..,..,..,..,..,..,..,..,..,..,..,..,..,..,..,..,..,..,..,..,..,..,..,..,..,..,..,..,..,..,..,..,..,..,..,..,..,..,..,..,..,..,..,..,..,..,..,..,..,..,..,..,..,..,..,..,..,..,..,..,..,..,..,..,..,..,..,..,..,..,..,..,..,..
Textile and leather products  [P21],..,..,..,..,..,..,..,..,..,..,..,..,..,..,..,..,..,..,..,..,..,..,..,..,..,..,..,..,..,..,..,..,..,..,..,..,..,..,..,..,..,..,..,..,..,..,..,..,..,..,..,..,..,..,..,..,..,..,..,..,..,..,..,..,..,..,..,..,..,..,..,..,..,..,..,..,..,..,..,..,..,..,..,..,..,..,..,..,..,..,..,..,..,..,..,..,..,..,..,..,..,..,..,..,..,..,..,..,..,..,..,..,..,..,..,..,..,..,..,..,..,..,..,..,..,..,..,..,..,..,..,..,..,..,..,..,..,..,..,..,..,..,..,..,..,..,..,..,..,..,..,..,..,..,..,..,..,..,..,..,..,..,..,..,..,..,..,..,..,..,..,..,..,..,..,..,..,..,..,..,..,..,..,..,..,..,..,..,..,..,..,..,..,..,..,..,..,..,..,..,..,..,..,..,..,..,..,..,..,..,..,..,..,..,..,..,..,..,..,..,..,..,..,..,..,..,..,..,..,..,..,..,..,..,..,..,..,..,..,..,..,..,..,..,..,..,..,..,..,..,..,..,..,..,..,..,..,..,..,..,..,..,..,..,..,..,..,..,..,..,..,..,..,..,..,..,..,..,..,..,..,..,..,..,..,..,..,..,..,..,..,..,..,..,..,..,..,..,..,..,63,63.1,63.3,63.9,64.7,64.9,65.6,65.9,65.8,66.4,66.5,66.4,66.7,66.8,66.9,67.1,67.2,67.2,67.3,67.4,67.6,67.5,67.4,67.4,67.5,67.4,67.5,67.6,67.7,68,68.2,68.7,68.7,68.9,68.9,69.1,69.4,69.6,69.8,70,70.2,70.4,70.7,70.7,70.8,71.2,71.1,71.2,71.2,71.3,71.3,71.3,71.2,71.4,71.4,71.5,71.6,71.6,71.7,71.7,71.7,72,72.1,72.1,72.1,72.4,72.5,72.5,72.5,72.5,72.5,72.7,73.1,73,73,73.4,73.5,73.7,74,74.5,74.6,74.8,74.8,75.1,75.7,75.7,75.7,76.3,76.4,76.7,76.9,77.1,77.1,77.3,77.3,77.3,77.5,77.6,77.8,77.9,77.9,78,78.3,78.4,78.4,78.5,78.6,78.8,79.3,79.2,79.3,79.2,79.2,79.2,79.1,79,79.2,78.6,78.7,78.8,79.3,78.8,78.9,79,79.2,79.2,79.4,79.4,79.3,79.3,79,78.8,78.2,78.3,78.3,78.4,78.4,79,79.3,79.2,79.3,79.4,79.6,79.5,79.7,79.6,79.7,79.6,79.5,79.8,79.6,79.7,79.9,80.3,80.3,80.4,80.5,80.6,80.7,81,81.1,81.5,81.4,81.5,81.8,82,82.4,82.6,83.5,83.7,84.3,84.5,84.4,84.7,84.8,85,85.3,85.3,85.3,85.2,85.4,85.7,85.7,85.8,85.7,85.7,86.3,86.2,86.2,86,85.9,85.9,86.1,86.2,86.3,86.5,86.4,86.6,86.5,86.6,86.6,86.7,86.9,87.3,87.8,87.8,87.4,87.5,87.5,87.6,87.5,87.8,87.6,87.6,87.7,87.4,87.1,86.8,86.7,86.5,86.3,85.8,85.8,85.9,85.9,85.9,85.9,85.9,85.3,85.2,85.3,85.5,85.6,85.7,85.9,85.9,85.9,86.2,86.3,86.5,86.6,86.6,87,87.3,87.3,87.3,87.3,87.2,86.8,86.7,86.8,86.6,86.3,86.5,86.4,87,86.8,86.8,86.9,87.1,87.3,87.3,87.3,87.3,87.2,87.1,87,86.3,86.2,86.1,85.9,86.1,85.9,85.1,85.1,85.3,85.2,85.3,85.3,85.8,85.8,85.6,85.6,85.5,85.4,85.6,85.4,85.5,85.9,86.2,86.1,86.6,86.9,87.2,87.2,86.9,86.5,86.4,86.5,86.4,86.7,86.8,87,87,87.2,87.1,87.3,87.3,87.3,87.2,86.5,87.6,87.7,87.6,87.6,87,86.6,86.4,86.1,86.3,86.3,85.9,85.5,86,86.3,86.5,86.6,86.8,86.8,87.3,86.9,87.5,87.9,89.4,89.4,89.6,89.5,89.2,89.2,89.3,88.7,88.4,88.5,88,88,87.6,87.9,87.8,87.7,88.1,87.7,87.8,87.9,88,88.2,88.2,88.1,88.1,88.1,88,88.3,88.2,88.5,89.2,89.8,89.9,90.5,90.9,90.8,90.8,90.3,90.3,89.3,89.1,89.7,90.1,90.3,89.5,89.2,89.6,89.9,90,89.8,89.9,90.8,90.6,91.2,91.7,91,91.8,92.1,92.2,92.9,92.2,92.6,92.7,91.7,93,93.2,93.2,93.3,93,92.5,92.9,93.1,93.4,93.6,93.5,94.3,94.9,95.5,94.9,94.8,94.7,95.2,95.3,96.2,96.4,96.8,96.9,98.7,98.4,98.2,97.5,97.8,97.5,97.8,97.9,98.1,98.1,98.4,98.4,98,97.3,97.1,98.3,98.2,98.1,96.8,96,95.7,96.4,96.9,97.2,96.7,97.6,97.1,97.5,97.8,97.8,99.2,98.4,97.7,97.2,98,98,97.5,98,98.1,98.4,99.4,98.7,98,98.1,98.4,98.8,99.6,99.3,100,100.1,102,101.9,102.4,101,99.7,99.4,99.5,99.3,97,96.7,99.4,98.4,99.2,100.9,100,101.5,103.5,105.6,106.4
"Clothing, footwear and accessories  [P22]",..,..,..,..,..,..,..,..,..,..,..,..,..,..,..,..,..,..,..,..,..,..,..,..,..,..,..,..,..,..,..,..,..,..,..,..,..,..,..,..,..,..,..,..,..,..,..,..,..,..,..,..,..,..,..,..,..,..,..,..,..,..,..,..,..,..,..,..,..,..,..,..,..,..,..,..,..,..,..,..,..,..,..,..,..,..,..,..,..,..,..,..,..,..,..,..,..,..,..,..,..,..,..,..,..,..,..,..,..,..,..,..,..,..,..,..,..,..,..,..,..,..,..,..,..,..,..,..,..,..,..,..,..,..,..,..,..,..,..,..,..,..,..,..,..,..,..,..,..,..,..,..,..,..,..,..,..,..,..,..,..,..,..,..,..,..,..,..,..,..,..,..,..,..,..,..,..,..,..,..,..,..,..,..,..,..,..,..,..,..,..,..,..,..,..,..,..,..,..,..,..,..,..,..,..,..,..,..,..,..,..,..,..,..,..,..,..,..,..,..,..,..,..,..,..,..,..,..,..,..,..,..,..,..,..,..,..,..,..,..,..,..,..,..,..,..,..,..,..,..,..,..,..,..,..,..,..,..,..,..,..,..,..,..,..,..,..,..,..,..,..,..,..,..,..,..,..,..,..,..,..,..,..,..,..,..,..,..,..,..,..,..,..,..,..,..,..,..,..,..,58.9,59.1,59.4,59.7,59.8,60,60.3,60.3,60.7,60.9,61.1,61.2,62,62.2,63.6,63.4,63.4,63.7,64.2,64.3,64.4,64.5,64.5,64.7,65.2,65.3,65.4,65.4,65.6,65.7,66.1,66.1,66.1,66.1,66.1,66.3,66.7,66.8,67.1,67.3,67.2,67.2,67.4,67.5,67.6,67.6,67.6,67.7,68.1,68.3,68.5,68.6,68.5,68.4,68.5,68.6,68.7,68.8,68.8,68.9,69.6,69.9,69.9,69.9,70.1,70.4,70.7,70.8,70.8,70.9,70.9,71.1,71.9,72,72.2,72.4,72.7,72.7,73.2,73.4,73.5,73.7,73.7,73.8,74.4,74.5,74.7,74.7,74.8,74.8,75.2,75.2,75.2,75.3,75.6,75.7,76.3,76.5,76.5,76.4,76.4,76.9,77.3,77.4,77.4,77.6,77.7,77.7,78.3,78.6,78.8,78.8,78.8,78.8,78.9,79.4,79.2,79.3,79.1,79,79.5,79.5,79.5,79.8,79.8,79.8,79.8,80.3,80.1,79.9,80,80.1,80.4,80.4,80.5,80.2,80.2,80.2,80,80.2,80.1,80.1,80.1,80,80.2,80.2,80.2,80.3,80.2,80.3,80.5,80.4,80.7,80.6,80.6,80.6,81.2,81.2,81.2,81.3,81.5,81.5,81.6,81.8,81.9,82,82.1,82.2,82.6,82.9,83.3,83.5,83.7,83.7,83.7,84.1,84.4,84.4,84.5,84.6,85,85.3,85.4,85.6,85.7,85.8,85.7,85.9,86.1,86.2,86.1,86.1,86.4,86.4,86.3,86.3,86.5,86.4,86.6,86.8,86.8,86.9,87,87,87.3,87.7,87.7,87.7,87.8,87.9,88,88.2,88.3,88.4,88.5,88.4,88.5,88.7,88.7,88.4,88.4,88.4,88.5,88.5,88.5,88.7,88.6,88.6,88.6,88.6,88.7,88.9,88.8,88.9,89.2,89.4,89.4,89.5,89.3,89.2,89,89,89.3,89.3,89.2,89.3,89.3,89.3,89.5,89.6,89.6,89.6,89.5,89.8,89.8,89.8,89.8,90,90.1,90.1,89.9,90,90,90,89.9,90.1,90,90.1,90,90,89.8,89.9,89.9,90.2,90.2,90.2,89.9,90.2,90.2,90.3,90.5,90.5,90.5,90.4,90.4,90.4,90.4,90.1,90.1,90,90.2,90.3,90.1,90.2,90.1,90.1,90.1,90,90,90,90.1,90.3,90.3,90.4,90.4,90.4,90.5,90.5,90.5,90.2,90.4,90.4,90.1,90.3,90.4,90.4,90.4,90.4,90.6,90.7,90.7,90.4,90.4,90.5,90.5,90.5,90.5,90.4,90.4,90.5,90.7,90.7,90.7,90.5,90.4,90.4,90.5,90.4,90.5,90.5,90.5,90.6,90.9,90.9,91,90.9,90.9,90.7,90.8,90.8,90.5,90.4,90.3,90.4,90.7,90.9,90.7,90.6,90.4,90.4,90.4,90.7,91,90.9,91,91,91.1,91.1,91.2,91.2,91,91.2,91.6,92,91.7,91.9,91.8,91.8,91.8,91.6,91.6,91.5,91.4,91.5,91.5,91.6,91.7,91.7,91.7,92,92,92,91.9,91.9,91.8,92,92.5,92.6,92.6,92.6,92.5,92.6,93,93.1,93.3,93.3,93.3,93.3,93.8,94.1,94.1,93.9,93.9,94,94.5,94.6,94.7,94.5,94.7,94.8,95.5,95.6,95.3,95.3,95.4,95.5,95.6,95.6,95.7,95.8,95.9,95.9,96,96.4,96.7,96.7,96.7,96.6,96.4,96.8,96.3,96.8,96.8,97,96.9,96.9,97.6,97.8,98,97.9,98.2,98.6,99,98.7,98.8,99,99,99,99.2,99.2,99.2,99.2,99.1,99.1,99.1,99.6,99.6,99.6,100,99.2,100.1,100.1,100.2,100.2,100,99.9,100.1,100.3,100.2,100.7,100.8,100.9,101.2,102.1,103,102.9,103.9,103.2,103.2
Chemicals and chemical products  [P31],..,..,..,..,..,..,..,..,..,..,..,..,..,..,..,..,..,..,..,..,..,..,..,..,..,..,..,..,..,..,..,..,..,..,..,..,..,..,..,..,..,..,..,..,..,..,..,..,..,..,..,..,..,..,..,..,..,..,..,..,..,..,..,..,..,..,..,..,..,..,..,..,..,..,..,..,..,..,..,..,..,..,..,..,..,..,..,..,..,..,..,..,..,..,..,..,..,..,..,..,..,..,..,..,..,..,..,..,..,..,..,..,..,..,..,..,..,..,..,..,..,..,..,..,..,..,..,..,..,..,..,..,..,..,..,..,..,..,..,..,..,..,..,..,..,..,..,..,..,..,..,..,..,..,..,..,..,..,..,..,..,..,..,..,..,..,..,..,..,..,..,..,..,..,..,..,..,..,..,..,..,..,..,..,..,..,..,..,..,..,..,..,..,..,..,..,..,..,..,..,..,..,..,..,..,..,..,..,..,..,..,..,..,..,..,..,..,..,..,..,..,..,..,..,..,..,..,..,..,..,..,..,..,..,..,..,..,..,..,..,..,..,..,..,..,..,..,..,..,..,..,..,..,..,..,..,..,..,..,..,..,..,..,..,..,..,..,..,..,..,..,..,..,..,..,..,..,..,..,..,..,..,..,..,..,..,..,..,..,..,..,..,..,..,..,..,..,..,..,..,40.5,41,41.3,42.1,42.4,42.7,43.1,43.4,43.3,43.9,43.7,43.8,44.4,44.5,44.4,44.6,44.6,44.7,45,45.2,45.1,45.4,45.4,45.4,45.9,45.8,45.8,46.1,46.1,46.2,46.5,46.7,46.9,47.2,47.2,47.1,47.3,47.6,48.1,48.4,48.8,48.6,48.9,48.7,48.6,48.4,48.4,48.3,48.5,48.4,48.7,48.9,48.9,49.1,49.1,49.1,49.1,49.2,49.4,49.4,50.3,50.5,50.3,50.2,50,49.6,49.4,49.1,49.1,49.1,49.1,49.1,49.5,49.9,50,50.3,50.7,50.8,51.1,51.6,51.9,52.7,53.3,53.7,54.9,55.3,55.9,56.5,56.7,56.8,57.6,58.1,58.3,58.7,59.2,59.2,59.5,59.4,59.6,59.6,59.2,58.8,58.4,57.7,56.8,56.2,55.7,55.5,55.7,55.8,55.7,55.8,55.9,56.1,55.9,55.9,56.5,57.7,58.7,58.8,59.1,58.6,58,57.7,57.4,56.8,56.7,56.5,56.5,56.8,56.4,56.4,56.2,56.2,56.3,56.4,56.3,56.2,56.5,56.4,56.5,56.6,56.8,56.7,56.9,57.1,57,56.9,57,57.4,57.7,57.7,57.9,58.2,58.4,58.7,58.6,58.8,59.3,59.8,60.3,60.8,61.7,62.4,63,64.1,65.3,66.5,68.2,68,68.6,68.8,68.6,69.6,67.7,67.1,66.2,65.5,65,64.9,65.4,65.3,65.3,65.7,65.9,66.1,66.3,66.5,67.9,66.3,65.8,65.7,66,66.3,66.5,66.7,67,66.6,66.3,66,65.4,65.4,66,65.8,65.5,65.1,64.5,64.5,64.2,64.1,64.1,63.7,63.6,63.3,63.4,63.4,63.1,63.7,63.3,63.8,64.6,64.7,64.6,66.2,67.2,67,67.4,67.3,67.2,67.5,68,68.7,69.2,69.7,69.7,70.4,70,70.4,70.2,71,72.1,72,72.7,73,72.8,70.6,69.8,69.8,70.4,70.2,70.2,69.1,70.1,69.9,69.3,70,70.3,70.6,71,72.1,72.7,72.1,72.1,71.6,73,73.7,75.8,75.4,74.3,73.2,73.4,72.7,73.2,72.2,71.6,71.6,73.3,73.1,73.6,74.3,76.1,75.6,76.3,76.5,76.8,77.8,77.8,78.4,78.4,79.2,79.7,80.1,80.2,80,79.1,79.3,81.7,84.4,86.1,84.7,83.6,82.9,83,81.9,81.3,81.6,82.2,82.5,82.6,82.7,83.2,83.2,83.3,84.6,85.1,86.3,86.8,87.1,85.9,84.3,83.8,84.1,85.3,87.6,88.3,87.8,88.6,90.8,91.2,94,95.5,97.8,96.1,97.6,93.4,89.6,88.7,87.3,86.9,87.3,87.4,87,85.9,87.1,86.5,87.6,88,90.2,91.8,93,92,92.3,92.5,90.3,89,89.8,90.9,91.2,92.1,92.6,94.4,95.6,96.2,97.2,99.1,99.3,98.3,100.1,100.5,99.6,98.7,98.4,98.8,99.6,100.3,102.2,101.9,100.6,98.2,97.4,97.1,97.8,98.7,99.5,99.4,100.7,100.5,100.5,100.9,100.1,98.8,99.3,99,98.5,99.5,101.3,104.8,107.2,105.4,104.3,102.5,102.8,103.7,103.3,103.4,102.2,100.7,98.8,97,97.5,97.5,97.8,98.2,99.4,101,99.1,98.2,98.3,97.8,97.8,98.4,95.8,95.4,95.5,96.2,95.7,95.9,95.8,96.9,98.2,99.2,99.5,101.2,101.5,102.9,102.2,102.8,100.8,97.4,98,97.2,99.2,100.4,100.7,101.4,102.2,102.1,101.5,101.6,102,101.1,102.8,104.3,105,102.8,101.5,100.1,100.7,101.8,101.7,101.2,100.1,98.1,98.4,99,99.9,99.5,100.5,100,99.7,99.8,95.9,95.4,94.7,94.7,96.3,97.7,98.5,98.3,99.6,102.5,106.9,110.2,111.7,114.4,114.6,118.7,120.1,122.7
Plastic and rubber products  [P32],..,..,..,..,..,..,..,..,..,..,..,..,..,..,..,..,..,..,..,..,..,..,..,..,..,..,..,..,..,..,..,..,..,..,..,..,..,..,..,..,..,..,..,..,..,..,..,..,..,..,..,..,..,..,..,..,..,..,..,..,..,..,..,..,..,..,..,..,..,..,..,..,..,..,..,..,..,..,..,..,..,..,..,..,..,..,..,..,..,..,..,..,..,..,..,..,..,..,..,..,..,..,..,..,..,..,..,..,..,..,..,..,..,..,..,..,..,..,..,..,..,..,..,..,..,..,..,..,..,..,..,..,..,..,..,..,..,..,..,..,..,..,..,..,..,..,..,..,..,..,..,..,..,..,..,..,..,..,..,..,..,..,..,..,..,..,..,..,..,..,..,..,..,..,..,..,..,..,..,..,..,..,..,..,..,..,..,..,..,..,..,..,..,..,..,..,..,..,..,..,..,..,..,..,..,..,..,..,..,..,..,..,..,..,..,..,..,..,..,..,..,..,..,..,..,..,..,..,..,..,..,..,..,..,..,..,..,..,..,..,..,..,..,..,..,..,..,..,..,..,..,..,..,..,..,..,..,..,..,..,..,..,..,..,..,..,..,..,..,..,..,..,..,..,..,..,..,..,..,..,..,..,..,..,..,..,..,..,..,..,..,..,..,..,..,..,..,..,..,..,45.4,45.7,46.2,46.5,46.8,47.1,47.2,47.7,47.8,48.3,48.4,48.4,48.7,48.9,49.4,49.4,49.4,49.6,49.6,49.7,49.8,49.8,49.8,49.8,49.8,49.7,50,50.2,50.3,50.4,50.7,51,51,51,51.3,51.3,51.6,51.8,52.2,52.2,52.5,52.6,52.6,52.8,52.8,52.8,52.7,52.7,52.9,52.9,53.1,53.1,53.2,53.4,53.5,53.7,53.6,54.1,54.3,54.5,54.9,54.9,55.3,55.1,55.2,55.3,55.2,55.3,55.3,55.3,55.4,55.5,55.8,55.9,56.1,56.3,56.4,56.6,56.7,57,57.3,57.9,58.4,58.5,59.3,59.4,60.3,60.5,60.8,61.2,61.7,62.1,62.2,62.6,62.7,63.1,63.2,63.2,63.6,63.6,63.7,63.7,63.9,63.6,63.3,63.2,63,63.4,63.7,63.6,63.8,63.6,63.6,63.6,63.9,63.6,63.8,63.7,63.8,64.2,64.2,64.1,64,63.9,63.4,63.2,63.2,63.4,63.3,63.3,63.4,63.3,63.4,63.6,63.3,63,62.9,62.7,62.6,62.6,62.6,62.5,62.7,62.7,62.4,62.5,62.6,62.7,62.7,62.6,62.3,62.4,62.6,62.6,62.9,62.6,62.7,63,63,63.4,63.8,64.2,64.9,65.5,66.4,67.8,68.6,69.3,70.2,70.5,71.1,71.7,71.9,72,72.2,72.3,72,71.6,71.7,71.4,70.9,70.9,70.8,70.8,70.9,70.8,70.8,71,71.3,71.4,71.1,71.2,71.3,71.1,71.4,71.7,71.6,71.7,71.6,71.5,71.2,71.1,71.3,71.3,71.2,71.3,71.2,71.4,71.3,71.4,71.1,71.3,71.3,71.3,71.4,71.2,70.6,70.6,70.6,70.7,70.5,71.1,71.4,72,72,72.7,73.2,73.1,73.3,73.8,74.4,75.1,75.6,75.9,75.9,75.6,75.1,75.6,75.4,75.5,75.6,75.3,75.9,76,76.2,75.9,76.2,75.7,75.9,75.5,75.4,75.1,74.9,74.5,74.1,74.3,75.2,75,75.1,75.5,75.5,75.3,75.3,74.9,75.2,75.6,75.9,76.8,76.8,76.4,76.2,75.8,75.7,75.6,75.3,75,75,75.4,75.8,76.5,77,77.7,77.7,78,78.3,78.8,78.6,79.1,80.1,80,80.7,80.9,81.1,80.8,80.9,81.1,81.5,84,84.8,84.7,85.2,84.8,84.8,84.5,83.9,84.5,84.2,84,84.1,84.2,84.3,83.9,83.3,83.3,83.2,83,82.5,82.1,81.9,82.7,82.1,81.9,81.8,82.4,82.6,82.1,82,82.5,82.7,83.3,84,85.4,86.3,87.9,87.7,87.4,86.7,86.7,87.1,86.9,85.9,85.1,85.4,84.8,85.2,85.3,85.2,84.9,84.7,85.3,85.4,85.8,86.8,87.3,87.7,88.2,87.7,86.6,86.3,85.6,86.1,86.1,87.3,86,87.5,88.6,89.1,89.5,90,89.9,89,89.2,89.4,89.3,89.5,90.4,90.1,91,90.6,90.1,90,90.5,90.1,89.9,89.7,90.2,89.8,90.6,90.8,90.9,90.9,90.5,90.4,90.6,91.1,91.1,91.1,91.7,92.4,92.9,92.9,93.2,93,93.2,93.6,93.6,93.9,94,95.4,95.7,95.9,95.5,95.4,95.3,96.1,96.4,96,95.8,96,96.7,97,96.7,96.1,96,96.4,96.2,96.3,95.9,96.6,96.9,97.2,97.2,96.9,97.1,97.5,98,98.7,98.2,97.1,96.5,96.3,96.2,96.5,97.5,97.1,97.6,97.2,97.9,98.7,99.2,98.9,98.8,99.4,99.9,100.6,101.8,101.3,101.1,101.4,101.3,101.5,101.6,100.8,101.2,101.6,101.1,101.4,101.2,100,99.9,101,101,100.5,99.7,100.1,100,99.6,99.8,98.5,99.7,100.4,100.3,99,102,103.4,104.8,107.8,109,112.8
Lumber and other wood products  [P41],..,..,..,..,..,..,..,..,..,..,..,..,..,..,..,..,..,..,..,..,..,..,..,..,..,..,..,..,..,..,..,..,..,..,..,..,..,..,..,..,..,..,..,..,..,..,..,..,..,..,..,..,..,..,..,..,..,..,..,..,..,..,..,..,..,..,..,..,..,..,..,..,..,..,..,..,..,..,..,..,..,..,..,..,..,..,..,..,..,..,..,..,..,..,..,..,..,..,..,..,..,..,..,..,..,..,..,..,..,..,..,..,..,..,..,..,..,..,..,..,..,..,..,..,..,..,..,..,..,..,..,..,..,..,..,..,..,..,..,..,..,..,..,..,..,..,..,..,..,..,..,..,..,..,..,..,..,..,..,..,..,..,..,..,..,..,..,..,..,..,..,..,..,..,..,..,..,..,..,..,..,..,..,..,..,..,..,..,..,..,..,..,..,..,..,..,..,..,..,..,..,..,..,..,..,..,..,..,..,..,..,..,..,..,..,..,..,..,..,..,..,..,..,..,..,..,..,..,..,..,..,..,..,..,..,..,..,..,..,..,..,..,..,..,..,..,..,..,..,..,..,..,..,..,..,..,..,..,..,..,..,..,..,..,..,..,..,..,..,..,..,..,..,..,..,..,..,..,..,..,..,..,..,..,..,..,..,..,..,..,..,..,..,..,..,..,..,..,..,..,49.2,49.3,49.2,50.2,51,51.8,52.9,51.9,49.6,48.7,48.2,49.2,48.8,48.5,49.1,49.6,49.6,50.8,50.9,49.9,49.8,49.3,50.2,51.3,52.6,52.7,53.6,54.2,57.3,60.6,60.2,56.2,53.4,53.5,52.6,53.8,54.2,56,56.9,56.5,54.4,52.7,52.5,53.2,52.4,52.2,52.4,52.7,53.6,53.8,54,53.8,55.3,56.5,56.2,55.7,55.7,55.1,54.4,55.2,56,56,59.1,61.2,60.3,58.4,58.5,60.7,62.5,61.7,60.8,59.8,59.8,60.6,60.2,60.1,60.1,60.8,61.6,62.6,62.4,61.6,61.4,61.2,62,62,62,62,61.7,63.2,63.6,62.5,61.9,61.4,61.4,61.6,62.6,62.8,63.1,63.4,63.7,65,66.2,66.2,66.2,65.7,65,64.3,64.4,65.3,65.7,65.3,65.5,65.1,64.7,64,63.6,62.2,61.9,61.6,61,61,61.6,62.8,64.7,67.6,66.2,63.1,62.4,61.4,62,62.4,63.4,67.5,68,67.3,67.8,67.8,67.2,67.7,69.9,68.9,71.1,73.6,81.3,90.1,95.4,89.4,79.6,75.8,74.7,80.1,83.4,84.2,91.3,97.8,98,97.9,97.4,92.1,94,97.1,95.2,97.8,95.6,94,95.9,94.5,95.8,96.7,95.1,91.6,88.8,85.1,92.2,91.8,95.5,92.1,90.9,89.6,89.1,91.1,90.9,90.4,97.9,97.6,97.4,102.4,104.7,100.4,104.6,100.2,99.6,100,99,102,100.2,98.4,98.7,98.7,97.8,94.1,93.7,92.8,92.3,94.2,91.9,94.3,91.9,91.1,94,99,96.7,94.3,93.7,93.9,95.5,97.2,100.7,101.3,103.7,109,116.4,107.9,105,97.5,99,101.2,101.5,101.8,102.1,100.7,95.8,93.3,90.7,88.1,88,87.4,89.3,87.5,85.5,87,88.6,91.2,101.4,99.5,95.5,98.6,95.9,88.6,89.9,89.4,91,94.4,98.9,97.8,94.9,90.7,90.9,90.4,89.2,89.5,88.6,88.4,88.4,89.7,86.7,85.5,83.2,84.8,88.5,90.4,96.9,93.6,92.3,89.1,91.7,99.7,100.3,103.2,106,102.7,100.2,104.7,104.1,94.1,88.9,92.6,93.9,97.4,97.3,94.2,90.8,90.9,89.7,87.4,90.1,90.6,88.5,89.4,91,90.2,89.8,89.1,88,86,86.1,84.9,85.1,84.1,83.9,84.6,87,86.3,85.8,85.3,83.9,84.3,85.1,84.3,83,81.3,80.7,81.5,81.4,80.5,80.6,80.4,80.6,81.9,82.2,84.3,84.1,84.9,84.4,84,82.4,82.8,82.8,82,80.5,81.1,82.2,82.5,81.6,80.7,80.8,81.3,81.4,82,82.4,83.6,84.8,82.8,81.6,81.6,80.8,80.7,80.5,80.9,81.4,81.7,81.4,81.4,80.5,80.2,80.3,80.5,80.6,79.8,79.7,80,81.1,81.7,82.5,82.6,83,84.4,85,86.1,87.4,85.9,85.9,87.2,89.5,90.4,91.1,91.1,88.4,86,83.7,84.3,84.1,84.7,84.8,84.1,85.1,85.4,85.8,85.6,85.9,86.2,86.3,87.2,87.3,87.3,87.9,87.7,88.2,88.6,88.1,87.6,87.5,88.1,88.7,88.8,89.1,88.7,89.3,89.6,90.8,90.4,89.9,89.9,89.9,90.6,91,91.4,92.1,92,92,92.2,92.2,92.5,94.1,95.4,96.1,95.6,96.7,97.1,96.8,96.7,96.3,95.8,96.8,97.9,99,101.4,105.4,106.7,107.1,104,103.9,100.7,100.8,101.5,101.6,101.1,102,101.4,100.1,100.5,101.5,101.5,100.8,100.7,100.8,100.8,100,105,107.5,102.3,103,106.1,118.7,133.1,149.8,145.8,133.3,146.2,158.2,165.6,177.8,195.9,230.5,215.1,172.2,139.5,138.2
Pulp and paper products  [P42],..,..,..,..,..,..,..,..,..,..,..,..,..,..,..,..,..,..,..,..,..,..,..,..,..,..,..,..,..,..,..,..,..,..,..,..,..,..,..,..,..,..,..,..,..,..,..,..,..,..,..,..,..,..,..,..,..,..,..,..,..,..,..,..,..,..,..,..,..,..,..,..,..,..,..,..,..,..,..,..,..,..,..,..,..,..,..,..,..,..,..,..,..,..,..,..,..,..,..,..,..,..,..,..,..,..,..,..,..,..,..,..,..,..,..,..,..,..,..,..,..,..,..,..,..,..,..,..,..,..,..,..,..,..,..,..,..,..,..,..,..,..,..,..,..,..,..,..,..,..,..,..,..,..,..,..,..,..,..,..,..,..,..,..,..,..,..,..,..,..,..,..,..,..,..,..,..,..,..,..,..,..,..,..,..,..,..,..,..,..,..,..,..,..,..,..,..,..,..,..,..,..,..,..,..,..,..,..,..,..,..,..,..,..,..,..,..,..,..,..,..,..,..,..,..,..,..,..,..,..,..,..,..,..,..,..,..,..,..,..,..,..,..,..,..,..,..,..,..,..,..,..,..,..,..,..,..,..,..,..,..,..,..,..,..,..,..,..,..,..,..,..,..,..,..,..,..,..,..,..,..,..,..,..,..,..,..,..,..,..,..,..,..,..,..,..,..,..,..,..,49,49.4,49.2,49.4,49.8,50.1,50.7,51.9,51.5,52.2,52.2,52.4,52.6,53.1,53.2,52.9,53.2,53.9,52.8,52.5,52.4,51.5,50.4,50.5,49.8,49.7,49.8,50.2,50.2,50.4,50.9,50.9,50.9,51.4,51.9,52,52.6,52.8,53.7,55.5,56.2,56.5,58.6,58.2,58.4,58.6,58.2,58,57.4,57.2,57.7,57.1,57.4,57.2,56.9,56.9,57.3,57,57.1,57.5,57.7,57.7,57.6,58.5,58.3,58.8,59.5,60,60,62,62.2,62.3,63.5,63.1,62.7,63.6,64.5,64.6,65.6,66,65.9,66.8,67.5,67.5,70,69.7,69.6,70.2,71.1,70.7,71.8,72.5,72.3,72.3,73.2,72.6,73.2,73.1,73.6,73.8,74.1,74.2,74.2,73.8,73.9,73.3,73.2,72.8,72.9,74.2,73.2,72.6,72.9,73.1,72.2,71.7,72.2,71.5,71.3,70.8,70.2,70.2,69.1,67.5,66.3,65.6,65.1,63.6,62.8,62,61.2,61.1,61.2,61.9,62,62,62.6,62.4,63.1,63.3,63.6,64.1,63.9,63.6,62.4,61.1,60.6,60.9,61.2,61.1,61.1,61,60.7,60.4,60.1,60.5,60.7,61.5,62.3,63.6,64.5,66.1,67.4,69.4,70.1,73.6,75.2,76.8,82.3,83.9,87.3,89.7,92,95.4,98.5,98.7,99.9,100.8,101.1,100.5,97.6,92.2,86.4,82.6,81.9,81.4,81.3,80.8,80,78.8,78,78.5,77.3,76.8,76.3,76.8,77.3,77.8,78.4,79.6,80,80.8,82.2,82.2,82.3,81.5,80.1,81.3,81.6,82.8,82.8,82.7,81.2,80.9,81.1,80.3,79.8,78.6,79.5,78.3,78.2,78.5,79.2,79.1,80.8,82.4,83.3,83.9,84.2,85.3,86.4,88.8,90,90.1,91.6,91.8,92.6,94.9,97.1,96.3,95.8,95.5,96.2,94.3,92.8,90.3,88.7,87.4,87.6,86.3,86.5,85.4,84.8,83.9,82.6,82.3,82.2,82.4,82.8,83.9,84.9,84.9,84.3,83.3,82.6,82.5,82.9,83.5,81.8,80.3,80.8,81.3,80.3,79.5,79.2,79.1,77.9,79.5,80.7,82.6,83.9,84.5,84.4,84.3,83.3,82.3,80.2,80.6,81.5,82.6,82.2,83.2,83.2,82.3,81.5,81.1,80.2,80.3,80.6,80.3,80.6,81.3,81.6,82.1,81.8,82.3,83.1,83.3,83.6,84.2,84.5,85,85.6,85.6,85.4,84,82.4,81.3,80.8,81.3,80.5,79.1,78.8,80.2,81.3,81,81.8,82.8,82.8,83.8,84.4,86.6,87.1,91.5,91.7,91.9,90.8,90.9,91.2,88.9,85.9,84.2,84,82.9,82.8,82,82.3,82.3,81.7,83.2,83,83.2,85.9,86.4,86.8,86.2,85.5,84.1,84.1,83.8,83.5,83.2,83,82,82.6,82.9,81.8,82.9,83.4,84,83.8,84.1,83.3,83,82.6,83,84,84.9,84.2,83.3,82.5,83.1,83.4,83.3,83.3,84.1,84.9,84.9,84.8,85.7,86.3,85.7,85.1,85.3,85.6,86,86.3,86.5,86.4,85.7,85.3,85.4,85.3,86,85.4,85.9,85.8,86,87.8,88.2,88.3,87.7,87.3,87.7,88.8,89.7,89.6,88.9,89,89.5,91.1,90,88.9,88.2,88.3,88.2,89.4,89.3,89.7,90.3,91.5,91,91.1,91.2,92.9,93.8,96.4,95.9,93.7,94.8,93.2,94.9,97.8,99.4,100.4,101.7,105.9,105.4,106.5,109.4,109.8,109.3,109.1,107.9,110.1,110.9,109.6,108.7,108.3,109.2,107.1,103.6,103.9,104.3,102.6,100.9,101.1,100.7,100,100.6,104.7,105.4,105.5,104.5,101.8,97.7,95.8,97,96.9,95.6,97.5,100,100.6,104.2,104.2,105.6,107.5,108.6,108.2
Energy and petroleum products  [P51],..,..,..,..,..,..,..,..,..,..,..,..,..,..,..,..,..,..,..,..,..,..,..,..,..,..,..,..,..,..,..,..,..,..,..,..,..,..,..,..,..,..,..,..,..,..,..,..,..,..,..,..,..,..,..,..,..,..,..,..,..,..,..,..,..,..,..,..,..,..,..,..,..,..,..,..,..,..,..,..,..,..,..,..,..,..,..,..,..,..,..,..,..,..,..,..,..,..,..,..,..,..,..,..,..,..,..,..,..,..,..,..,..,..,..,..,..,..,..,..,..,..,..,..,..,..,..,..,..,..,..,..,..,..,..,..,..,..,..,..,..,..,..,..,..,..,..,..,..,..,..,..,..,..,..,..,..,..,..,..,..,..,..,..,..,..,..,..,..,..,..,..,..,..,..,..,..,..,..,..,..,..,..,..,..,..,..,..,..,..,..,..,..,..,..,..,..,..,..,..,..,..,..,..,..,..,..,..,..,..,..,..,..,..,..,..,..,..,..,..,..,..,..,..,..,..,..,..,..,..,..,..,..,..,..,..,..,..,..,..,..,..,..,..,..,..,..,..,..,..,..,..,..,..,..,..,..,..,..,..,..,..,..,..,..,..,..,..,..,..,..,..,..,..,..,..,..,..,..,..,..,..,..,..,..,..,..,..,..,..,..,..,..,..,..,..,..,..,..,..,28.4,29.1,30.7,31.1,31.9,33.3,33.7,33.7,34.8,35.3,35.1,35.3,35.2,35.4,36.9,37.2,37.5,37.6,37.5,37.9,39.8,40.1,40,39.6,37.8,37,40,39.6,39.3,40.6,40.7,41.1,41.1,40.8,40.3,40.8,41.7,41.7,41.3,41.1,40.9,40.9,41.5,41.7,41.7,41.6,42.7,43.6,44.2,44.1,44.1,43.9,43.9,43.7,43.6,43.2,43.4,43.7,44.1,44.9,44.6,43.5,40.5,36.2,33.9,33.5,32.8,32,31.7,31.6,31.7,31.4,32.1,32.8,33.1,33.5,33.1,33.5,33.7,34.3,34.4,34.4,34.2,33.8,32.8,32.2,31.5,31.2,31.3,31.7,31.5,30.8,30.5,30.1,29.6,29.7,29.9,30.1,30.5,30.9,31.7,32.3,32.5,32.4,32.3,32.4,32.6,33,34.1,34.4,34.2,34,33.8,33.7,33.3,33.9,35.8,38.4,40.6,42.5,42.3,39.6,36.7,34.2,32.8,32.7,32.4,32.5,32.9,32.6,32.9,32.2,31.2,30.1,29.8,30.2,30.6,32,32.8,33,32.8,33.1,33.3,32.7,32.4,32,31.9,31.9,32.3,32.1,31.4,31.1,31.1,31.3,30.8,29.4,28.7,29.4,29.4,29.9,30.9,32.2,33.1,33.9,32.8,31.9,32.5,32.1,32.8,32.9,32.8,33.6,35.1,34.7,33.4,32.6,32.9,32.3,32,33.1,34,34.1,35.4,37.1,37.8,36.1,35.3,36,37.6,39.2,39.8,40.4,40.5,39.4,37.3,36.2,36.4,35.8,35,36.6,36.4,36,35.9,34.9,33.6,32.3,30.6,30.3,30.8,30,29.4,28.9,29.5,30.2,29.5,27.3,27.3,27.1,29.3,32.4,33.2,33.4,35.9,38.3,40.5,41.1,41.8,43.1,44.8,48.2,50.2,46.8,48.8,51.5,51.5,51.7,55.6,56.2,56.9,55.4,54,52.8,50.6,52.4,53.8,51.6,47.3,48.5,50.6,46.3,41.8,39.2,39.2,39.9,43.1,45.7,45.7,45.3,46.5,48.3,49.8,51.2,49.2,49.1,53.5,59.1,59.9,51.5,46.7,46.5,47.7,51.4,49.8,47.8,46.8,47.7,51.2,53.6,54.4,55.4,62.4,60.1,60.3,62.7,64,67.6,64.2,59.3,61.1,64.2,69.5,71.3,68.5,71.8,75.2,80.5,87.7,84.1,76,74.4,77,72.9,77.1,84.9,86,86.9,91.9,90.2,77.2,72.2,71.7,75.1,72.4,75.8,82.9,85.9,88.3,85.9,86.6,84.1,85.2,84.3,90.8,92.5,94.2,94.9,102.9,111.4,120.8,128.6,130.5,123.3,117.8,101.5,81.5,65.5,66.9,67.8,68.4,69.7,73.8,81.7,77.5,82.3,79.8,80.7,84.4,82.6,85.6,84.4,86.3,86.9,85.2,84,83.4,82.7,84.7,87.9,91.3,94.4,97.5,100.8,108.5,112.9,111.2,110.2,110.9,109.5,110.4,111.7,112.9,109.4,112.3,114.5,118.6,119.1,114.8,108.9,110.2,113.6,117.5,115.6,112.1,110.7,113,119.6,117.9,113,114.4,115.3,117.1,118.1,118.1,115.8,115.7,118.1,120.8,123.8,123.9,123.7,122.1,122.2,119.2,118.9,116.9,111.6,108.9,96.3,85.6,93.2,94.8,91.7,96.2,98.1,97,92.4,88.5,87.7,87.4,82.5,76.3,73.2,77.1,78.9,84.1,87.5,84.4,83.3,84.1,88.3,86.4,91.2,93.6,92.9,92.6,94.9,91.6,87.9,88.2,90.7,94.8,96.1,102.1,101.4,104.7,102.7,104.7,109,113.3,112.9,112.8,112.3,113.1,113.4,105.7,97.7,95.7,98.7,105.2,109.6,110.4,102.8,104,101,101.5,102.7,102.9,103.2,100,94.1,75,56,59.8,69.1,74.4,74.3,70.3,70.7,73.4,80,86.2,94.9,99.3,99.8,105.2,106,109.4,109.2,113.3
Primary ferrous metal products  [P61],..,..,..,..,..,..,..,..,..,..,..,..,..,..,..,..,..,..,..,..,..,..,..,..,..,..,..,..,..,..,..,..,..,..,..,..,..,..,..,..,..,..,..,..,..,..,..,..,..,..,..,..,..,..,..,..,..,..,..,..,..,..,..,..,..,..,..,..,..,..,..,..,..,..,..,..,..,..,..,..,..,..,..,..,..,..,..,..,..,..,..,..,..,..,..,..,..,..,..,..,..,..,..,..,..,..,..,..,..,..,..,..,..,..,..,..,..,..,..,..,..,..,..,..,..,..,..,..,..,..,..,..,..,..,..,..,..,..,..,..,..,..,..,..,..,..,..,..,..,..,..,..,..,..,..,..,..,..,..,..,..,..,..,..,..,..,..,..,..,..,..,..,..,..,..,..,..,..,..,..,..,..,..,..,..,..,..,..,..,..,..,..,..,..,..,..,..,..,..,..,..,..,..,..,..,..,..,..,..,..,..,..,..,..,..,..,..,..,..,..,..,..,..,..,..,..,..,..,..,..,..,..,..,..,..,..,..,..,..,..,..,..,..,..,..,..,..,..,..,..,..,..,..,..,..,..,..,..,..,..,..,..,..,..,..,..,..,..,..,..,..,..,..,..,..,..,..,..,..,..,..,..,..,..,..,..,..,..,..,..,..,..,..,..,..,..,..,..,..,..,..,..,..,..,..,..,..,..,..,..,..,..,..,..,..,..,..,..,..,..,..,..,..,..,..,..,..,..,..,..,..,..,..,..,..,..,..,..,..,..,..,..,..,..,..,..,..,..,..,..,..,..,..,..,..,..,..,..,..,..,..,..,..,..,..,..,..,..,..,..,..,..,..,..,..,..,..,..,..,..,..,..,..,..,..,..,..,..,..,..,..,..,..,..,..,..,..,..,..,..,..,..,..,..,..,..,..,..,..,..,..,..,..,..,..,..,..,..,..,..,..,..,..,..,..,..,..,..,..,..,..,..,..,..,..,..,..,..,..,..,..,..,..,..,..,..,..,..,..,..,..,..,..,..,..,..,..,..,..,..,..,..,..,..,..,..,..,..,..,..,..,..,..,..,..,..,..,..,..,..,..,..,..,..,..,..,..,..,..,..,..,..,..,..,..,..,..,..,..,..,..,..,..,..,..,..,..,..,..,..,..,..,..,..,..,..,..,..,..,..,..,..,..,..,..,..,..,..,..,..,..,..,..,..,..,..,..,..,..,..,..,..,..,..,..,..,..,..,..,..,..,..,..,..,..,..,..,..,..,..,..,..,..,..,..,..,..,..,..,..,..,..,..,..,..,..,..,..,..,..,..,..,..,..,..,..,..,..,..,..,..,..,..,..,..,..,..,..,..,..,..,..,..,..,..,..,..,..,..,..,..,..,..,..,..,..,..,..,..,..,..,..,..,..,..,..,..,..,..,..,..,..,..,..,..,..,..,..,..,..,..,..,..,..,..,..,..,..,85.6,85.6,85.6,87.2,89.9,89.8,90.2,89,89.7,89.2,89.4,89.5,89.6,90.5,93.4,92.4,92.6,91.7,93,92,91.7,92,90.5,90.5,91.5,91.4,91.8,90.9,91.8,90,89.5,89,88.1,88.3,88.1,87.9,86.8,84.9,86.4,87.1,85.6,86.8,87.1,87.4,87.4,87.9,88.5,88.8,91.8,92.9,93.7,93.6,93.8,93.7,94.2,94.2,93.9,94.7,95.8,95.1,96.3,95.7,94.4,93,92.8,91,92,92.6,92.2,89.3,88.7,86.7,85.7,84.9,83.2,83.2,84.6,86.6,88.2,89.7,88.9,88.9,88.9,88.5,89.7,91.9,93.6,92.3,95.3,94.6,92.4,89.3,88.8,90.5,90.3,90.8,90.4,91.7,95.1,96.7,99.7,102.2,103.1,103.4,103.8,103.3,103.4,104.5,104.2,102.9,102.7,102.6,102.1,100.7,99.3,99.4,99.4,97.7,96.7,96.5,100,102.9,106.1,106.9,104.1,101.4,100.9,96.7,97.2,99.6,101,103.1,108.6,113.6,120.2,126.5,135,142.7,153.5,165.5,172.4
Primary non-ferrous metal products  [P62],..,..,..,..,..,..,..,..,..,..,..,..,..,..,..,..,..,..,..,..,..,..,..,..,..,..,..,..,..,..,..,..,..,..,..,..,..,..,..,..,..,..,..,..,..,..,..,..,..,..,..,..,..,..,..,..,..,..,..,..,..,..,..,..,..,..,..,..,..,..,..,..,..,..,..,..,..,..,..,..,..,..,..,..,..,..,..,..,..,..,..,..,..,..,..,..,..,..,..,..,..,..,..,..,..,..,..,..,..,..,..,..,..,..,..,..,..,..,..,..,..,..,..,..,..,..,..,..,..,..,..,..,..,..,..,..,..,..,..,..,..,..,..,..,..,..,..,..,..,..,..,..,..,..,..,..,..,..,..,..,..,..,..,..,..,..,..,..,..,..,..,..,..,..,..,..,..,..,..,..,..,..,..,..,..,..,..,..,..,..,..,..,..,..,..,..,..,..,..,..,..,..,..,..,..,..,..,..,..,..,..,..,..,..,..,..,..,..,..,..,..,..,..,..,..,..,..,..,..,..,..,..,..,..,..,..,..,..,..,..,..,..,..,..,..,..,..,..,..,..,..,..,..,..,..,..,..,..,..,..,..,..,..,..,..,..,..,..,..,..,..,..,..,..,..,..,..,..,..,..,..,..,..,..,..,..,..,..,..,..,..,..,..,..,..,..,..,..,..,..,..,..,..,..,..,..,..,..,..,..,..,..,..,..,..,..,..,..,..,..,..,..,..,..,..,..,..,..,..,..,..,..,..,..,..,..,..,..,..,..,..,..,..,..,..,..,..,..,..,..,..,..,..,..,..,..,..,..,..,..,..,..,..,..,..,..,..,..,..,..,..,..,..,..,..,..,..,..,..,..,..,..,..,..,..,..,..,..,..,..,..,..,..,..,..,..,..,..,..,..,..,..,..,..,..,..,..,..,..,..,..,..,..,..,..,..,..,..,..,..,..,..,..,..,..,..,..,..,..,..,..,..,..,..,..,..,..,..,..,..,..,..,..,..,..,..,..,..,..,..,..,..,..,..,..,..,..,..,..,..,..,..,..,..,..,..,..,..,..,..,..,..,..,..,..,..,..,..,..,..,..,..,..,..,..,..,..,..,..,..,..,..,..,..,..,..,..,..,..,..,..,..,..,..,..,..,..,..,..,..,..,..,..,..,..,..,..,..,..,..,..,..,..,..,..,..,..,..,..,..,..,..,..,..,..,..,..,..,..,..,..,..,..,..,..,..,..,..,..,..,..,..,..,..,..,..,..,..,..,..,..,..,..,..,..,..,..,..,..,..,..,..,..,..,..,..,..,..,..,..,..,..,..,..,..,..,..,..,..,..,..,..,..,..,..,..,..,..,..,..,..,..,..,..,..,..,..,..,..,..,..,..,..,..,..,..,..,..,..,..,..,..,..,..,..,..,..,..,..,..,..,..,..,..,..,..,..,..,..,..,..,..,..,..,..,..,..,..,80.8,77.5,80.2,83,81.3,78.4,78.7,82.7,86.6,91.8,94.2,99,98.6,102.5,105,110.7,104.4,104.1,105.4,109.3,108.7,98,100.5,95.9,96.6,101.8,98.6,95.6,91.3,91.4,89,88.3,96.1,95.2,95.3,94.9,94.3,95.5,93.2,88.3,85.8,84.7,82.8,86.5,86,85.2,84.5,84.7,87.3,88.4,89.1,87.5,87.2,87.1,89,89.6,87.8,87.6,86.7,87.1,91,92,91.1,91.1,90.5,88.8,88.1,87.5,88.1,88.1,84.5,85.4,88,89.1,88.3,86.4,87.8,88.2,93.5,93.5,93.7,92.4,95.2,93.9,94.8,96.6,98.6,99.8,99.1,97,93.4,96.4,96.1,98.8,99.9,99.2,101.1,102,102.7,102.4,102.6,104.3,99.2,95.1,93.5,94.4,95.3,96.6,95.6,96.8,97.7,97.6,95.2,94,94.6,96.6,98.3,97.1,97.4,97.2,100,100.2,98.3,98.4,100.5,101.6,108.6,119.1,119.6,117.6,118.6,122.2,124.6,128.8,127.1,128,132.5,131.5,133.6,132.6,134.7
Fabricated metal products and construction materials  [P63],..,..,..,..,..,..,..,..,..,..,..,..,..,..,..,..,..,..,..,..,..,..,..,..,..,..,..,..,..,..,..,..,..,..,..,..,..,..,..,..,..,..,..,..,..,..,..,..,..,..,..,..,..,..,..,..,..,..,..,..,..,..,..,..,..,..,..,..,..,..,..,..,..,..,..,..,..,..,..,..,..,..,..,..,..,..,..,..,..,..,..,..,..,..,..,..,..,..,..,..,..,..,..,..,..,..,..,..,..,..,..,..,..,..,..,..,..,..,..,..,..,..,..,..,..,..,..,..,..,..,..,..,..,..,..,..,..,..,..,..,..,..,..,..,..,..,..,..,..,..,..,..,..,..,..,..,..,..,..,..,..,..,..,..,..,..,..,..,..,..,..,..,..,..,..,..,..,..,..,..,..,..,..,..,..,..,..,..,..,..,..,..,..,..,..,..,..,..,..,..,..,..,..,..,..,..,..,..,..,..,..,..,..,..,..,..,..,..,..,..,..,..,..,..,..,..,..,..,..,..,..,..,..,..,..,..,..,..,..,..,..,..,..,..,..,..,..,..,..,..,..,..,..,..,..,..,..,..,..,..,..,..,..,..,..,..,..,..,..,..,..,..,..,..,..,..,..,..,..,..,..,..,..,..,..,..,..,..,..,..,..,..,..,..,..,..,..,..,..,..,36.6,36.5,36.8,37.4,37.6,37.7,37.8,38,38.4,39.1,39.3,39.3,40.1,40.2,40,40.6,40.6,40.7,40.9,40.9,41.3,41.3,41.3,41.3,41.5,41.5,41.4,41.7,41.7,41.9,42.1,42.2,42.2,42.4,42.4,42.5,42.8,42.9,43,43.4,43.4,43.6,43.9,44,44,44.2,44.2,44.2,44.2,44.2,44.4,44.7,44.8,44.9,45.1,45.2,45.3,45.4,45.4,45.4,45.9,45.9,45.9,46.2,46.3,46.3,46.4,46.5,46.7,46.9,46.8,46.9,47.1,47,47.1,47.4,47.6,47.5,47.6,47.8,47.8,48.1,48.1,48.4,49,49.1,49.2,49.6,49.8,49.9,50.1,50.3,50.4,50.5,50.5,50.5,50.8,50.9,51.2,51.5,51.7,51.7,51.7,51.7,51.7,51.7,51.8,51.9,52.1,52.1,52.1,52,51.9,52,52,52.1,52.1,52,52,52,52.2,52.1,52.1,51.9,52,52.1,52.1,52,51.9,51.7,51.7,51.7,51.7,51.7,51.7,51.7,51.7,51.8,51.7,51.8,51.9,52,51.9,52.1,52.2,52.5,52.5,52.6,52.9,53,53,53.1,53.3,53.4,53.5,53.6,53.9,54.1,54.3,54.6,54.7,55,55.5,55.6,55.7,55.9,56.1,56.3,57.9,58.6,59.3,59.7,59.8,60,60,60.2,60.2,60.1,60,60.2,60.4,60.6,60.7,60.8,60.9,60.9,61.1,61.3,61.3,61.2,61.2,61.2,61.4,61.4,61.7,61.7,61.7,61.7,61.9,62,62.2,62.3,62.3,62.4,62.9,63.1,63.1,63.3,63.3,63.7,63.7,63.9,63.8,63.9,63.9,63.7,63.5,63.4,63.5,63.7,63.6,63.6,63.7,63.8,63.9,64.1,64.1,64.2,64.6,64.8,64.9,65,65.1,64.8,64.8,64.6,64.6,64.7,64.8,64.6,64.5,64.8,64.8,64.8,65,64.9,65,64.9,65.1,65.1,64.9,64.8,65.2,65.2,65.1,65.3,65.5,65.6,66,66.4,66.6,66.6,66.6,66.5,66.5,66.7,66.8,66.8,66.3,66.2,66.4,66.4,66.6,66.4,66.4,66.7,67.3,68.2,69.7,71,71.9,72.5,73.1,74,74.5,74.6,74.3,74.3,74.9,75.5,75.4,75.5,75.2,74.9,74.6,74.4,74.5,74.6,74.7,74.9,75,75.1,75.2,75.4,75.6,76,76,76.1,76,75.9,75.7,75.6,75.9,76.2,76.6,77,76.7,76.6,76.4,76.4,76.2,75.9,75.7,76.1,76.8,77.4,77.8,79.2,80,81.7,83,84.2,84.2,84.6,84,83.5,83.7,83.5,82.9,81.8,81.3,80.5,80.5,80.2,79.9,79.1,79.1,79.1,79.3,79.3,79.3,80.3,80.9,81.3,80.2,80.2,80.6,80.1,80.2,80.3,80.9,81.4,82.1,82.1,81.9,81.5,81.9,81.9,81.6,82.3,81.7,81.8,81.9,81.9,81.9,82.1,82,81.5,80.6,80.4,80.1,80.1,80,80.2,79.8,79.8,80,80.1,80.3,80.7,80.8,80.6,80.6,80.6,80.9,81.1,81.7,81.7,82.3,82.2,82,82,82.4,82.5,82.8,83.1,83.5,83.5,84.5,85.4,85.5,85.3,85.3,85.5,85.8,86,86.2,86.1,86.2,86.6,87.7,87.5,86.6,86.1,86.4,86.6,88.3,89.2,89.6,88.8,89.2,89.2,89.2,89.6,90.4,90.5,91.2,91.4,91.7,91.3,90.8,91.8,92.1,92.1,92.6,93.6,94.1,94.7,96.7,97.6,98.8,98.9,99.9,98.1,98.6,99.4,100.3,99.7,100,100.3,100.3,100.9,99.8,99.6,99.8,100,98.4,99.2,100,99.3,99.9,100.4,99.7,99.5,99.3,99.3,99.2,99.9,99.7,100.7,102.8,107.4,108.2,111.8,115.7,116.5,122.5,124.2,127.3
Motorized and recreational vehicles  [P71],..,..,..,..,..,..,..,..,..,..,..,..,..,..,..,..,..,..,..,..,..,..,..,..,..,..,..,..,..,..,..,..,..,..,..,..,..,..,..,..,..,..,..,..,..,..,..,..,..,..,..,..,..,..,..,..,..,..,..,..,..,..,..,..,..,..,..,..,..,..,..,..,..,..,..,..,..,..,..,..,..,..,..,..,..,..,..,..,..,..,..,..,..,..,..,..,..,..,..,..,..,..,..,..,..,..,..,..,..,..,..,..,..,..,..,..,..,..,..,..,..,..,..,..,..,..,..,..,..,..,..,..,..,..,..,..,..,..,..,..,..,..,..,..,..,..,..,..,..,..,..,..,..,..,..,..,..,..,..,..,..,..,..,..,..,..,..,..,..,..,..,..,..,..,..,..,..,..,..,..,..,..,..,..,..,..,..,..,..,..,..,..,..,..,..,..,..,..,..,..,..,..,..,..,..,..,..,..,..,..,..,..,..,..,..,..,..,..,..,..,..,..,..,..,..,..,..,..,..,..,..,..,..,..,..,..,..,..,..,..,..,..,..,..,..,..,..,..,..,..,..,..,..,..,..,..,..,..,..,..,..,..,..,..,..,..,..,..,..,..,..,..,..,..,..,..,..,..,..,..,..,..,..,..,..,..,..,..,..,..,..,..,..,..,..,..,..,..,..,..,53.1,53.6,53.7,54.3,54.7,54.8,55.1,55.8,55.7,56.8,56.6,57,57.9,58.4,58.6,58.7,59.5,60.8,60.5,60.3,60.1,61.3,61.3,61.5,61.4,61.6,61.7,62.2,62.2,62.5,62.5,62.9,62.6,63.5,63.5,63.9,64.1,64.1,65,65.3,65.7,65.9,66.7,66.5,67.1,67.8,67.5,67.6,68.6,69.4,70.8,70,70.4,70.4,70.1,70.2,71,71.6,72.2,72.6,73,72.7,72.5,73.5,72.9,73.5,73.5,73.9,73.8,75.4,75.2,75.1,74.6,73.7,73,73.3,73.9,73.9,73.6,73.7,73.3,73.3,73.9,73.6,72.9,72.3,72.2,71.3,71.3,70.8,70.8,71.4,71.3,71.3,72.4,71.4,71.3,70.8,71.3,71.2,71.4,71.6,71.5,71.2,71.4,71.4,71.4,71.1,70.9,72.6,71.6,71.2,71.8,71.4,71,70.5,71.5,72.2,72.6,72.5,72.6,73,72.9,72.7,72.9,72.7,72.9,72.8,72.8,73.7,73.7,73.9,74,75.4,75.9,75.2,76.4,75.9,75.9,75.8,77.1,79.6,80.1,80.8,81.3,80,79.9,80.8,81.3,81.4,81.7,83.2,83.1,84.1,83.7,84.2,83.7,85.3,85.7,86.8,86.5,87,86.6,86.7,85.5,85.9,86.5,87.9,89.5,89.3,89.9,88,87.3,88.3,87.3,87.4,87.8,88.6,89.6,90.7,90.7,91.4,90.7,90.3,91,90.9,91.2,91.5,91.2,91.5,90.8,92.1,91.2,91.5,92.2,93.8,92.9,92.9,92.5,93.5,93.6,94.4,95.9,96.4,97.4,97.8,95.9,97.8,98.3,99.4,99.9,101.5,100.7,104,104.3,103.8,103.4,101.6,103.6,101.6,100.3,100.3,101.3,101.1,100.9,101.2,100.2,101.2,99.6,100,100.6,101.5,101.7,101.1,101.3,101.6,101.5,104,105.6,104,103.6,104.9,106.4,106.5,106,104.7,105.7,105.4,107.2,106.7,108.1,107,108.6,108.7,108.4,108.2,106.6,106.3,105.5,106.7,108.1,108.3,108.1,107.1,106,105.2,103.6,102,98.4,96.4,99.4,99.2,98.2,95.8,94.7,95.2,94.4,96,96.1,97,98.8,97.8,96.1,95.6,94.4,92.3,89.9,91.2,91.6,92.3,91.1,92.1,93.1,92.3,91.2,90.3,89,89,89.3,88.3,88.1,87.9,88.3,87.4,85.9,86,86.8,86.3,86.3,87,87,87.9,89,88.7,88.6,87,85,83.5,83,83.5,82.2,79.5,79.2,80.9,81.3,81,81.2,81.6,81,81.7,81.6,83.9,84.2,90.9,92.7,93.6,93.2,94.5,95.4,93.3,89.7,88.4,88.3,86.7,86.4,85,85.3,85.1,84.8,85.4,83.8,83.1,84.8,84.7,85,84.8,84.4,83.8,83.4,83,83.1,82.8,82.3,81.4,81.7,82.4,81.2,82.6,83.8,84.7,85.1,84.9,84.6,83.7,83.6,83.7,84.7,85.6,84.8,83.7,83,83.5,84,83.5,83.7,84.3,84.9,84.6,84.5,84.9,85.3,85.5,85.1,85.3,85.8,86.7,88,88.8,89.3,88.6,87.9,87.9,87.1,88.2,88.8,89.8,90.5,91.5,94.7,97,97.5,96,95.3,96.5,98.6,100.1,100.7,99.9,101,102.7,105.5,103.4,100.4,98.3,98.8,98.7,99.4,99.3,99.9,100.6,101.8,101.1,100.6,100.2,101.4,101.9,102.3,100.7,97.7,97.3,95.4,96.9,97.5,97.5,96.6,97.1,97.7,97.5,97.8,98.5,98.9,98.8,99,98.9,99.5,100.2,100.1,100,100.5,100.4,100.8,100.4,99.7,100.3,100.3,100.3,100.5,100.3,100,100.4,101.9,102.3,102.4,101.2,101.1,100.3,100.3,100.3,99.9,99.6,99.5,99.5,99.1,99.3,98.5,98.9,99.7,100,100.7
Machinery and equipment  [P72],..,..,..,..,..,..,..,..,..,..,..,..,..,..,..,..,..,..,..,..,..,..,..,..,..,..,..,..,..,..,..,..,..,..,..,..,..,..,..,..,..,..,..,..,..,..,..,..,..,..,..,..,..,..,..,..,..,..,..,..,..,..,..,..,..,..,..,..,..,..,..,..,..,..,..,..,..,..,..,..,..,..,..,..,..,..,..,..,..,..,..,..,..,..,..,..,..,..,..,..,..,..,..,..,..,..,..,..,..,..,..,..,..,..,..,..,..,..,..,..,..,..,..,..,..,..,..,..,..,..,..,..,..,..,..,..,..,..,..,..,..,..,..,..,..,..,..,..,..,..,..,..,..,..,..,..,..,..,..,..,..,..,..,..,..,..,..,..,..,..,..,..,..,..,..,..,..,..,..,..,..,..,..,..,..,..,..,..,..,..,..,..,..,..,..,..,..,..,..,..,..,..,..,..,..,..,..,..,..,..,..,..,..,..,..,..,..,..,..,..,..,..,..,..,..,..,..,..,..,..,..,..,..,..,..,..,..,..,..,..,..,..,..,..,..,..,..,..,..,..,..,..,..,..,..,..,..,..,..,..,..,..,..,..,..,..,..,..,..,..,..,..,..,..,..,..,..,..,..,..,..,..,..,..,..,..,..,..,..,..,..,..,..,..,..,..,..,..,..,..,47.2,47.7,48,48.4,48.7,49,49.5,49.8,50.3,50.7,51,51.5,52,52.5,52.9,53.1,53.3,53.6,54,54,54,54.1,54.3,54.4,54.6,54.7,54.8,55,55,55.1,55.1,55.2,55.2,55.5,55.6,56,56.2,56.2,56.6,56.7,56.8,57,57.6,57.6,57.7,58,58,58.2,58.6,58.8,59.3,59.3,59.3,59.1,59.2,59.1,59.4,59.3,59.3,59.4,60.1,60.1,60.2,60.3,60.3,60.5,60.7,60.9,61,60.9,61,61.1,61.6,61.5,61.5,61.8,62,62,62.2,62.3,62.3,62.3,62.5,62.5,63.3,63.3,63.6,63.6,63.6,64,64.3,64.7,65.1,65.1,65.3,65.3,66.1,66.4,66.8,66.9,67.2,67.3,67.6,67.7,67.9,68,68.1,68.2,68.5,68.9,68.8,68.7,68.9,68.9,68.8,68.8,69,69,69.1,69.3,69.4,69.6,69.8,69.7,69.9,69.9,70,70,70,70,70,70,70.2,70.3,70.5,70.5,70.6,70.5,70.5,70.5,70.8,71.7,72,72.4,72.5,72.3,72.5,72.7,72.8,72.9,73,73.2,73.2,74,74.1,74.1,74.3,74.6,74.8,75.1,75.2,75.1,75.3,75.5,75.3,75.6,76,76.2,76.2,76.3,76.7,76.6,76.7,76.9,76.8,76.9,77.1,77.1,77.4,77.6,77.9,78.1,78.1,78.3,78.4,78.5,78.6,77.9,78,78.1,78,77.9,78,78.3,78.5,78.8,78.8,78.8,78.8,78.9,78.9,78.8,79.1,79.4,79.7,79.9,79.7,80.1,80.2,80.6,80.4,80.6,80.8,81.5,81.7,81.4,81.7,81.3,81.8,81.4,81.2,81.3,81.7,81.5,81.8,82.1,81.9,82.3,82.2,82.3,82.4,82.7,82.8,82.6,82.7,82.8,82,82.4,82.7,82.5,83.1,83.3,83.3,83.5,83.5,83.3,83.1,83.1,83.6,83.6,83.7,83.8,84.1,84,84.1,84.2,84,84.1,84.1,84.3,84.4,84.4,84.4,84.3,84.3,84.2,84.1,83.8,83.5,83.1,83.4,83.4,83.3,83.2,82.8,83,82.8,83.2,83.3,83.6,84.2,84,83.8,83.8,83.8,83.4,82.9,83.3,83.9,84.2,84,84.4,85,84.9,84.9,84.7,84.4,84.4,84.3,83.7,84,83.9,84.2,84.4,83.8,83.9,84.4,84.2,84.2,84.3,84.4,84.6,85.4,85.4,85.4,84.9,84.5,84.1,83.8,84,83.4,82.3,82.1,82.8,83.4,83.3,83.4,83.9,84,84.4,84.9,86.2,86.5,89.3,90.3,90.6,90.9,91.3,91.7,91.1,89.7,89.1,89.1,88.2,88.1,87.5,87.5,87.3,87,87.5,87.4,87.3,87.6,87.6,87.7,87.7,87.7,87.4,87.5,87.4,87.5,87.5,87.6,87.4,87.7,88.3,88.1,88.4,88.7,89,89.2,89.3,89.5,89.3,89.5,89.6,89.9,90.2,90.1,89.8,89.6,89.7,89.9,90.1,90.4,90.5,90.6,90.6,90.8,91,90.6,90.6,90.4,90.5,90.8,90.8,91.3,91.7,91.8,91.7,91.6,91.6,91.4,91.6,91.8,92.1,92.2,92.7,93.5,94.2,94.3,94.2,94,94.1,94.6,95.2,95.4,95.4,95.5,96,96.6,96.9,96.2,95.7,95.6,95.6,95.7,95.8,96.1,96.3,96.8,96.7,96.7,96.6,97.2,97,97.3,97,96.4,95.7,95.3,95.9,96.4,96.6,96.4,96.7,97,97.1,97.9,98.5,98.9,99,99.3,99.4,99.6,99.7,100.1,100,100,99.8,100,99.6,99.4,99.6,99.7,99.8,99.6,99.4,100,100.9,102.4,103,102.6,102.1,101.5,101.3,101.7,101.6,101.3,101.5,101.2,103.4,103.1,102.1,101.7,101.9,102.7,102.9,103.8
"Electrical, electronic, audiovisual and telecommunication products  [P73]",..,..,..,..,..,..,..,..,..,..,..,..,..,..,..,..,..,..,..,..,..,..,..,..,..,..,..,..,..,..,..,..,..,..,..,..,..,..,..,..,..,..,..,..,..,..,..,..,..,..,..,..,..,..,..,..,..,..,..,..,..,..,..,..,..,..,..,..,..,..,..,..,..,..,..,..,..,..,..,..,..,..,..,..,..,..,..,..,..,..,..,..,..,..,..,..,..,..,..,..,..,..,..,..,..,..,..,..,..,..,..,..,..,..,..,..,..,..,..,..,..,..,..,..,..,..,..,..,..,..,..,..,..,..,..,..,..,..,..,..,..,..,..,..,..,..,..,..,..,..,..,..,..,..,..,..,..,..,..,..,..,..,..,..,..,..,..,..,..,..,..,..,..,..,..,..,..,..,..,..,..,..,..,..,..,..,..,..,..,..,..,..,..,..,..,..,..,..,..,..,..,..,..,..,..,..,..,..,..,..,..,..,..,..,..,..,..,..,..,..,..,..,..,..,..,..,..,..,..,..,..,..,..,..,..,..,..,..,..,..,..,..,..,..,..,..,..,..,..,..,..,..,..,..,..,..,..,..,..,..,..,..,..,..,..,..,..,..,..,..,..,..,..,..,..,..,..,..,..,..,..,..,..,..,..,..,..,..,..,..,..,..,..,..,..,..,..,..,..,..,63.1,63.6,63.9,64.1,64.6,64.9,65.7,65.9,66.1,66.4,66.9,67.4,68.3,68.6,68.6,69.3,69.6,70.1,70.5,70.5,70.6,70.8,70.6,70.9,71.6,71.9,71.9,72.2,72.3,72.4,72.6,72.8,72.9,73.5,73.6,74,74.8,74.8,75.1,75.2,75.5,75.7,76.2,76.2,76.4,76.8,77.1,76.8,76.9,77.2,77.5,77.5,77.6,77.9,78.3,78.2,78.2,78.4,78.4,78.6,79.2,79.1,79,79.8,79.8,80,80.5,80.5,80.6,80.9,81.1,81.1,81.5,81.3,81.3,81.4,81.6,81.9,82.6,82.6,82.9,82.9,83.4,84,84.4,84.7,84.8,85.1,85,85,85.5,86.1,86.3,86.5,87.4,87.8,88.1,88.2,88.7,89,88.6,88.6,88.5,88.7,89,89.5,89.6,89.4,89.4,89.2,88.7,88.9,89.3,89,88.7,89,89.6,89,88.5,88.6,89.2,89,88.7,89,88.5,88.2,88.3,88.1,88.3,88.3,88.9,88.7,88.4,88.9,89.3,88.9,88.9,88.9,88.9,89,89.4,90.1,90.3,90.9,91.5,91.3,91,91.2,91.2,91.3,91.4,92.2,92.2,92.9,93,93.1,93.4,93.8,94.1,94.1,94.2,94.7,94.9,94.9,94.4,94.2,94.8,95.7,97.1,97.4,98,96.5,96.1,96.9,96.4,96.4,96.7,96.1,96,96.3,96.9,97.1,96.5,96,96,95.5,95.3,95.6,95.3,94.7,94.5,95,94.8,94.5,94.8,95.6,95.6,94.2,94.5,94.8,94.8,93.8,93.9,94,94.3,94.1,93.5,93.8,93.9,94.2,94.5,95.3,94.9,96,96.2,96.1,95.9,95.1,95.8,95,94.3,94,94.5,94.6,94.8,95,94.3,94.3,92.8,92.6,92.7,93.1,93,92.9,93.3,93.4,93.5,93.9,94.5,93.8,93.8,93.9,94.7,94.9,94.3,93.6,93.6,93,94,93.9,94.6,94.3,96.6,96.6,96.2,96.4,95.6,95.5,95,95.4,96,96,95.9,95.1,95.1,94.9,94.1,93.3,91.6,90.7,91.8,91.1,90.5,89.5,89,89,89.6,90.6,90.8,91.2,92,91.8,91.3,91,90.6,90,88.8,89.4,89.8,90.4,89.9,90.5,91,90.7,90.4,90.1,89.9,90.2,90.4,90,90.1,90.3,90.8,91,90.6,90.9,91.6,91.3,91,91.3,91.5,92.3,93,92.2,92.1,91.9,91,90.2,89.7,89.7,88.8,87.4,86.9,87.6,87.7,87.5,88,88.5,88.2,88.7,89,90.2,90.5,93.7,94.5,95,95.2,95.7,96.1,95.3,93.7,92.9,92.6,91.9,91.8,91.1,91.3,91.1,90.7,90.9,90.2,89.4,90.5,90.2,90.4,90.3,90.1,89.5,89.3,89.2,88.6,88.6,88.4,87.9,88.1,88.4,87.9,88.6,89.1,89.8,90.2,90.3,90.3,90,89.9,89.9,90.5,91,90.6,90,90.1,90.2,90.6,90.2,90.5,91.2,91.7,92.3,92.3,92.6,92.4,91.5,91.3,91.2,91.5,91.6,92.7,92.9,93.2,92.8,92.5,92.4,92,92.8,93,93.5,93.9,94.3,96.2,97.2,97.5,96.5,96.3,97,98.3,99,99.4,100.3,100.5,101.6,102.8,101.6,99.9,98.7,99.1,99.1,99.4,99.1,99.4,100,100.5,100.2,99.9,99.6,100.4,100.7,101.1,100.3,98.3,98.1,96.8,98.3,98.8,98.7,97.8,98.1,99.2,98.8,99.3,100.3,100,99.8,99.7,99.9,100.7,101.3,100.8,100.4,100.8,101.1,101.4,100.8,100,100.5,100.3,100.1,100.1,100.1,100,101,101.7,102.5,102.4,101.4,101.9,100.8,100.8,101.1,100.3,101.5,100.2,101.7,102.7,104,103,105.3,107,106.9,106.4
Furniture and fixtures  [P74],..,..,..,..,..,..,..,..,..,..,..,..,..,..,..,..,..,..,..,..,..,..,..,..,..,..,..,..,..,..,..,..,..,..,..,..,..,..,..,..,..,..,..,..,..,..,..,..,..,..,..,..,..,..,..,..,..,..,..,..,..,..,..,..,..,..,..,..,..,..,..,..,..,..,..,..,..,..,..,..,..,..,..,..,..,..,..,..,..,..,..,..,..,..,..,..,..,..,..,..,..,..,..,..,..,..,..,..,..,..,..,..,..,..,..,..,..,..,..,..,..,..,..,..,..,..,..,..,..,..,..,..,..,..,..,..,..,..,..,..,..,..,..,..,..,..,..,..,..,..,..,..,..,..,..,..,..,..,..,..,..,..,..,..,..,..,..,..,..,..,..,..,..,..,..,..,..,..,..,..,..,..,..,..,..,..,..,..,..,..,..,..,..,..,..,..,..,..,..,..,..,..,..,..,..,..,..,..,..,..,..,..,..,..,..,..,..,..,..,..,..,..,..,..,..,..,..,..,..,..,..,..,..,..,..,..,..,..,..,..,..,..,..,..,..,..,..,..,..,..,..,..,..,..,..,..,..,..,..,..,..,..,..,..,..,..,..,..,..,..,..,..,..,..,..,..,..,..,..,..,..,..,..,..,..,..,..,..,..,..,..,..,..,..,..,..,..,..,..,..,39.2,39.4,39.5,39.8,40.1,40.6,40.9,40.9,41.2,41.6,41.9,42.4,43.3,43.8,43.9,43.9,43.9,44.1,44.3,44.6,44.7,45,45,45,45.6,45.6,45.7,45.8,45.9,46.1,46.2,46.4,46.5,46.7,46.9,46.9,47.5,47.7,48,48.1,48.2,48.3,48.4,48.5,48.6,48.6,48.8,48.8,48.8,49.1,49.4,49.5,49.5,49.6,49.7,49.8,49.9,50.1,50.2,50.4,50.9,51.1,51.3,51.4,51.4,51.7,51.7,51.9,52,52,52.1,52.5,53.2,53.5,53.5,53.7,53.8,54,54,54.3,54.3,54.4,54.4,54.7,55.2,55.3,55.7,55.8,55.9,56.1,56.2,56.2,56.7,56.7,56.7,57,57.7,57.8,57.8,57.9,58.1,58.3,58.5,58.7,58.7,59,59.2,59.5,60.4,60.5,60.5,60.5,60.7,60.7,60.4,60.4,60.5,60.6,60.7,60.5,61.1,61,61.2,61.3,61.2,61.3,61.3,61.2,61.2,61.1,61.1,61.1,60.5,60.7,60.7,60.7,60.7,60.8,61.1,61.1,61.1,60.8,61,61.2,61.6,61.4,61.7,61.8,61.9,62.1,62.5,62.3,62.4,62.5,62.7,62.8,63,62.9,62.9,62.9,62.8,62.9,64.1,64.3,64.7,64.8,64.9,64.9,66.9,67.4,67.5,67.6,68.1,68.3,68.3,68,68.4,68.6,68.7,68.7,68.7,68.6,68.7,68.7,68.7,68.7,68.7,68.7,68.7,68.7,68.9,68.9,68.9,68.9,69,69.2,69.3,69.2,69.3,69.3,69.3,69.5,69.5,69.5,69.5,69.8,69.8,70,70.3,70,70.5,70.1,70.1,69.8,70.1,70.1,70.3,70.3,70.2,70.3,70.4,70.5,70.9,71.4,71.4,71.4,71.3,71.5,72.1,72.2,72.2,72.5,72.6,72.6,72.7,72.7,72.9,72.9,72.7,73,73,73.1,73.4,73.3,73.4,73.8,73.8,73.8,73.8,73.8,73.8,74.2,74.2,74.3,74.2,74.2,74.2,74.2,74.4,74.4,74.4,74.8,75,75,75.1,75.1,75.1,75.2,75.2,75.2,75.8,75.8,76,76.2,76.2,76.2,76.7,76.5,76.8,76.8,77.1,77.1,77.4,77.7,77.9,77.9,78.5,78.5,79.1,79.1,78.9,78.8,79.4,79.9,80,80.1,80,80.6,80.8,80.6,81.4,81.4,81.4,81.7,81.7,81.8,82.3,82.3,82.5,82.6,82.6,82.6,82.8,82.8,82.9,83.2,83.2,83.2,83.4,83.5,83.5,83.7,83.8,83.8,84.2,84.3,84.3,84.7,85.2,85.2,86.1,86.3,86.3,86.4,86.4,86.4,87,87.2,87.1,87.1,87,87,87,87,87,87,87,87,87,87,86.9,86.9,86.9,86.9,86.8,86.6,86.7,86.8,86.9,86.9,87.2,87.2,87,86.9,86.8,86.8,86.8,86.8,86.8,86.9,86.9,86.8,87.4,87.7,87.7,87.7,87.7,87.8,88.1,88.1,88,88.1,88.1,88.1,88.2,87.9,88.3,88.4,88.3,88.1,88.2,88.1,88.2,88.4,88.3,88.3,89,89.1,89.3,89.4,89.3,89.3,89.2,89.3,89.2,89.5,89.8,89.7,89.9,89.7,89.8,90.2,90.3,90.6,91.1,91,91.6,91.5,91.7,91.9,92.1,92.3,92.6,92.6,92.6,92.7,92.7,92.8,92.9,93.2,93.9,93.8,93.7,93.6,93.7,94.4,94.6,95.1,95.1,95.2,95.2,95.4,95.9,95.9,95.8,95.7,96.4,96.8,96.6,96.5,96.8,97.1,97,97.9,98.3,98.1,98.2,98.7,98.9,99.2,100,100.2,100.2,100.1,100.4,100.8,100.8,100.9,100,102.3,101.9,102.8,101.1,100.5,102.6,102.6,102.6,102.6,101.3,101.1,100.5,101.5,104.3,105.5,103.2,103.5,108.6,107.4,106.8
"Cement, glass, and other non-metallic mineral products  [P81]",..,..,..,..,..,..,..,..,..,..,..,..,..,..,..,..,..,..,..,..,..,..,..,..,..,..,..,..,..,..,..,..,..,..,..,..,..,..,..,..,..,..,..,..,..,..,..,..,..,..,..,..,..,..,..,..,..,..,..,..,..,..,..,..,..,..,..,..,..,..,..,..,..,..,..,..,..,..,..,..,..,..,..,..,..,..,..,..,..,..,..,..,..,..,..,..,..,..,..,..,..,..,..,..,..,..,..,..,..,..,..,..,..,..,..,..,..,..,..,..,..,..,..,..,..,..,..,..,..,..,..,..,..,..,..,..,..,..,..,..,..,..,..,..,..,..,..,..,..,..,..,..,..,..,..,..,..,..,..,..,..,..,..,..,..,..,..,..,..,..,..,..,..,..,..,..,..,..,..,..,..,..,..,..,..,..,..,..,..,..,..,..,..,..,..,..,..,..,..,..,..,..,..,..,..,..,..,..,..,..,..,..,..,..,..,..,..,..,..,..,..,..,..,..,..,..,..,..,..,..,..,..,..,..,..,..,..,..,..,..,..,..,..,..,..,..,..,..,..,..,..,..,..,..,..,..,..,..,..,..,..,..,..,..,..,..,..,..,..,..,..,..,..,..,..,..,..,..,..,..,..,..,..,..,..,..,..,..,..,..,..,..,..,..,..,..,..,..,..,..,40.7,40.9,41.2,41.5,42,42.5,42.8,42.9,43,43.3,43.5,43.7,46.4,46.7,47.1,47.3,47.5,47.8,48.1,48.1,48.2,48.3,48.4,48.7,49.7,49.9,50,50,49.7,49.8,49.7,49.6,49.7,49.8,49.2,49.8,50.4,50.4,50.6,50.7,50.5,50.8,50.8,50.6,50.8,50.8,50.8,50.7,51.1,51.7,51.7,51.9,51.9,52.3,52.6,52.6,52.6,52.8,53.3,53.3,54.1,54.4,54.6,54.7,55,55.2,55.2,55.2,55.3,55.5,55.8,55.8,56.6,56.8,57,57.1,57.3,57.3,57.7,57.8,57.9,57.9,58.2,58.5,59.3,59.5,60,60.2,60.4,60.4,60.4,60,60,59.9,60.1,60.1,60.4,60.7,60.7,60.8,61,61.1,61.1,61,61,61.2,61.5,61.5,61.6,61.6,61.7,61.9,62,62,61.7,61.6,61.5,61.5,61.4,61.5,61.2,61.4,61.4,61.3,61.1,61.1,61.2,61,61,61.1,61,61,61.3,61.4,61.2,60.6,60.9,60.9,60.8,60.7,60.7,60.7,60.5,60.2,60.9,60.9,60.8,61,61.3,61.5,61.7,61.5,61.4,61.5,61.7,61.6,62.9,62.9,63.5,63.5,63.6,63.5,63.8,64,63.9,64.2,64.1,64.2,65.7,66.2,66.4,66.6,66.5,66.9,67.1,66.9,67,66.7,66.7,66.7,67.3,67.5,67.6,67,67.3,67.5,67.6,67.6,67.5,67.7,67.7,67.5,68.1,67.6,67.7,67.5,67.5,67.1,67.1,67,67,67.3,67.4,67.4,67.2,67.4,67.5,67.8,67.7,67.7,67.3,67.5,67.7,67.5,67.6,67.7,68.2,67.8,68.1,68.2,68.6,68.9,69,69.1,69.2,69.3,69.2,69.7,70.3,70.7,70.7,70.8,70.7,70.8,70.8,70.9,71.1,71.3,71.4,71.4,71.9,72.1,72.3,72.5,72.5,72.5,72.6,72.7,72.5,72.4,72.5,72.5,72.9,72.8,72.8,73.3,73.3,73.3,73.3,73.5,73.5,73.4,73.6,73.5,73.6,74,73.7,74,74.1,74,73.4,73.4,73.4,73.3,73.3,73.3,74,74,74.2,74.5,74.5,74.6,74.8,75,75.4,75.3,75.5,75.5,76.4,76.8,76.8,76.6,76.7,76.8,76.8,76.8,76.8,76.8,77.1,77.2,78.8,78.9,79.3,79.9,79.9,79.9,79.9,80.1,79.9,79.9,79.9,79.9,81.1,81.2,81.5,81.8,81.8,81.8,81.7,81.8,81.9,81.5,81.7,81.6,82.9,82.6,82.3,83.2,83,83.1,83.1,83.2,83.4,84.1,84,84,85.1,85.4,85.5,85.2,85.6,85.4,85.6,85.8,85.7,85.5,85.6,85.3,86.1,86.3,86.3,86.1,86.2,86.3,86.2,86.3,86.2,86.1,86.4,86.3,86.7,86.4,86.6,86.7,86.7,86.7,87.4,87.3,87.4,87.6,87.6,87.6,88,88.1,88.1,88.1,88.2,88.1,88.1,88.4,88.3,88.3,88.4,88.4,88.9,89.5,89.4,89.8,89.9,90.2,90.2,90.5,90.4,90.9,91.7,90.7,91.4,91.8,91.4,91.5,91.3,92.1,92.4,92.5,92.5,93.1,93.1,92.5,92.1,94.1,92.8,92.9,93.1,92.8,93.8,93.5,93.9,94.3,94.2,93.8,94.5,95.6,95,93.7,93.4,94.2,93.3,92.9,94.3,94.7,95.1,94.7,95.4,95.4,94.8,95.1,96,95.6,96,96.2,96.4,96.5,97.1,97.3,97.7,98.3,98.2,99.1,99.3,98.6,99.2,99.5,99.5,99.6,99.2,98.7,99.4,99.5,100.2,100.7,100.4,100.2,100.3,99.6,99.8,100.7,100.4,100.5,100,100.2,100.7,100.4,99.2,99,97.8,97.5,98.3,98.6,99,98.6,99.5,99.8,99.8,100.9,102.2,103.2,103.7,103.8,104.3
Packaging materials and containers  [P91],..,..,..,..,..,..,..,..,..,..,..,..,..,..,..,..,..,..,..,..,..,..,..,..,..,..,..,..,..,..,..,..,..,..,..,..,..,..,..,..,..,..,..,..,..,..,..,..,..,..,..,..,..,..,..,..,..,..,..,..,..,..,..,..,..,..,..,..,..,..,..,..,..,..,..,..,..,..,..,..,..,..,..,..,..,..,..,..,..,..,..,..,..,..,..,..,..,..,..,..,..,..,..,..,..,..,..,..,..,..,..,..,..,..,..,..,..,..,..,..,..,..,..,..,..,..,..,..,..,..,..,..,..,..,..,..,..,..,..,..,..,..,..,..,..,..,..,..,..,..,..,..,..,..,..,..,..,..,..,..,..,..,..,..,..,..,..,..,..,..,..,..,..,..,..,..,..,..,..,..,..,..,..,..,..,..,..,..,..,..,..,..,..,..,..,..,..,..,..,..,..,..,..,..,..,..,..,..,..,..,..,..,..,..,..,..,..,..,..,..,..,..,..,..,..,..,..,..,..,..,..,..,..,..,..,..,..,..,..,..,..,..,..,..,..,..,..,..,..,..,..,..,..,..,..,..,..,..,..,..,..,..,..,..,..,..,..,..,..,..,..,..,..,..,..,..,..,..,..,..,..,..,..,..,..,..,..,..,..,..,..,..,..,..,..,..,..,..,..,..,..,..,..,..,..,..,..,..,..,..,..,..,..,..,..,..,..,..,..,..,..,..,..,..,..,..,..,..,..,..,..,..,..,..,..,..,..,..,..,..,..,..,..,..,..,..,..,..,..,..,..,..,..,..,..,..,..,..,..,..,..,..,..,..,..,..,..,..,..,..,..,..,..,..,..,..,..,..,..,..,..,..,..,..,..,..,..,..,..,..,..,..,..,..,..,..,..,..,..,..,..,..,..,..,..,..,..,..,..,..,..,..,..,..,..,..,..,..,..,..,..,..,..,..,..,..,..,..,..,..,..,..,..,..,..,..,..,..,..,..,..,..,..,..,..,..,..,..,..,..,..,..,..,..,..,..,..,..,..,..,..,..,..,..,..,..,..,..,..,..,..,..,..,..,..,..,..,..,..,..,..,..,..,..,..,..,..,..,..,..,..,..,..,..,..,..,..,..,..,..,..,..,..,..,..,..,..,..,..,..,..,..,..,..,..,..,..,..,..,..,..,..,..,..,..,..,..,..,..,..,..,..,..,..,..,..,..,..,..,..,..,..,..,..,..,..,..,..,..,..,..,..,..,..,..,..,..,..,..,..,..,..,..,..,..,..,..,..,..,..,..,..,..,..,..,..,..,..,..,..,..,..,..,..,..,..,..,..,..,..,..,..,..,..,..,..,..,..,..,..,..,..,..,..,..,..,..,..,..,..,..,..,..,..,..,..,..,..,..,..,..,..,..,..,..,..,..,..,..,..,..,..,..,..,..,..,..,..,..,..,..,..,..,..,..,..,..,..,79.6,80.4,80.4,80.8,81.4,81.7,81.5,81,81.2,80.9,81,81.1,81.1,81.1,81.4,81.5,82.1,82.5,82.6,82.6,82.4,82.9,82.7,82.7,82.4,82.5,82.3,82.4,82.6,82.8,82.7,82.1,82,82.3,82.9,82.7,82.9,83.3,83.6,84.6,84.8,84.8,84.8,84.8,85,85.2,85.3,85.4,85.9,86.6,86.9,87.7,87.8,87.8,88.2,88.4,88.6,89,89.3,89.5,89.9,90.8,90.5,90.6,90.4,90.3,90.6,91,92.1,92.2,91.8,92.1,93.3,94.8,94.1,94.1,93.9,94,94,93.6,93.6,93.9,94.8,94.5,94.6,94.6,95.3,97.5,97.9,97.4,97.2,96.9,97.2,97.9,98.7,98.5,98.3,98.5,100.7,100.5,101.1,101.4,102.4,103,102.5,102.1,102.3,102.3,102.1,101.3,101.3,101.1,101.2,101.1,100.8,100.7,100.5,100.5,100.7,100.5,100,99.9,100.2,100.4,100.3,99.7,99.7,99.5,99.9,100.2,101.5,101.6,102.3,103.8,106.4,109.4,111.1,112.2,114.3,118.8,120.4
Miscellaneous products  [P92],..,..,..,..,..,..,..,..,..,..,..,..,..,..,..,..,..,..,..,..,..,..,..,..,..,..,..,..,..,..,..,..,..,..,..,..,..,..,..,..,..,..,..,..,..,..,..,..,..,..,..,..,..,..,..,..,..,..,..,..,..,..,..,..,..,..,..,..,..,..,..,..,..,..,..,..,..,..,..,..,..,..,..,..,..,..,..,..,..,..,..,..,..,..,..,..,..,..,..,..,..,..,..,..,..,..,..,..,..,..,..,..,..,..,..,..,..,..,..,..,..,..,..,..,..,..,..,..,..,..,..,..,..,..,..,..,..,..,..,..,..,..,..,..,..,..,..,..,..,..,..,..,..,..,..,..,..,..,..,..,..,..,..,..,..,..,..,..,..,..,..,..,..,..,..,..,..,..,..,..,..,..,..,..,..,..,..,..,..,..,..,..,..,..,..,..,..,..,..,..,..,..,..,..,..,..,..,..,..,..,..,..,..,..,..,..,..,..,..,..,..,..,..,..,..,..,..,..,..,..,..,..,..,..,..,..,..,..,..,..,..,..,..,..,..,..,..,..,..,..,..,..,..,..,..,..,..,..,..,..,..,..,..,..,..,..,..,..,..,..,..,..,..,..,..,..,..,..,..,..,..,..,..,..,..,..,..,..,..,..,..,..,..,..,..,..,..,..,..,..,..,..,..,..,..,..,..,..,..,..,..,..,..,..,..,..,..,..,..,..,..,..,..,..,..,..,..,..,..,..,..,..,..,..,..,..,..,..,..,..,..,..,..,..,..,..,..,..,..,..,..,..,..,..,..,..,..,..,..,..,..,..,..,..,..,..,..,..,..,..,..,..,..,..,..,..,..,..,..,..,..,..,..,..,..,..,..,..,..,..,..,..,..,..,..,..,..,..,..,..,..,..,..,..,..,..,..,..,..,..,..,..,..,..,..,..,..,..,..,..,..,..,..,..,..,..,..,..,..,..,..,..,..,..,..,..,..,..,..,..,..,..,..,..,..,..,..,..,..,..,..,..,..,..,..,..,..,..,..,..,..,..,..,..,..,..,..,..,..,..,..,..,..,..,..,..,..,..,..,..,..,..,..,..,..,..,..,..,..,..,..,..,..,..,..,..,..,..,..,..,..,..,..,..,..,..,..,..,..,..,..,..,..,..,..,..,..,..,..,..,..,..,..,..,..,..,..,..,..,..,..,..,..,..,..,..,..,..,..,..,..,..,..,..,..,..,..,..,..,..,..,..,..,..,..,..,..,..,..,..,..,..,..,..,..,..,..,..,..,..,..,..,..,..,..,..,..,..,..,..,..,..,..,..,..,..,..,..,..,..,..,..,..,..,..,..,..,..,..,..,..,..,..,..,..,..,..,..,..,..,..,..,..,..,..,..,..,..,..,..,..,..,..,..,..,..,..,..,..,..,..,..,..,..,..,..,..,..,..,..,..,..,..,..,..,..,..,..,82.6,82.6,82.4,82.7,84,84.2,84.4,84.5,84.9,85.7,86,86.3,86.3,86.5,87.2,87.3,87.4,88.2,88.1,90.1,90.7,89.9,90.9,90.3,90.3,90.6,90.5,90.3,90.3,91.3,90.2,90.2,92.5,92.5,93,92.3,92.4,92.5,92.3,90.5,89.5,89,88.5,89.7,89.8,89.3,89.1,89,90.5,91.4,92.1,91.2,91.2,91,91.5,91.8,91,90.8,90,90.7,93,93.5,93.2,92.7,92.6,92.6,93,93.6,93.7,93.9,93.3,93.9,95.5,95.4,94.8,94.2,95.1,95.5,97.2,97.3,97.1,96.4,96.3,95.4,95.8,96,96.7,97.3,97.1,96.1,94.5,94.8,94.4,94.7,95.1,94.5,94.8,95.5,96.9,96.7,97,97.6,97.2,96.5,96.2,96.7,97,97.7,98.2,97.9,98.3,98.4,98.5,98.2,98.6,100.1,100.5,100,100,100,100,102,101.8,102.3,102.3,101.3,100.9,100.4,101.1,101.4,101.5,101.4,101.6,102.5,102.7,103.5,103.9,104.9,107.3,108.4,108.7
,,,,,,,,,,,,,,,,,,,,,,,,,,,,,,,,,,,,,,,,,,,,,,,,,,,,,,,,,,,,,,,,,,,,,,,,,,,,,,,,,,,,,,,,,,,,,,,,,,,,,,,,,,,,,,,,,,,,,,,,,,,,,,,,,,,,,,,,,,,,,,,,,,,,,,,,,,,,,,,,,,,,,,,,,,,,,,,,,,,,,,,,,,,,,,,,,,,,,,,,,,,,,,,,,,,,,,,,,,,,,,,,,,,,,,,,,,,,,,,,,,,,,,,,,,,,,,,,,,,,,,,,,,,,,,,,,,,,,,,,,,,,,,,,,,,,,,,,,,,,,,,,,,,,,,,,,,,,,,,,,,,,,,,,,,,,,,,,,,,,,,,,,,,,,,,,,,,,,,,,,,,,,,,,,,,,,,,,,,,,,,,,,,,,,,,,,,,,,,,,,,,,,,,,,,,,,,,,,,,,,,,,,,,,,,,,,,,,,,,,,,,,,,,,,,,,,,,,,,,,,,,,,,,,,,,,,,,,,,,,,,,,,,,,,,,,,,,,,,,,,,,,,,,,,,,,,,,,,,,,,,,,,,,,,,,,,,,,,,,,,,,,,,,,,,,,,,,,,,,,,,,,,,,,,,,,,,,,,,,,,,,,,,,,,,,,,,,,,,,,,,,,,,,,,,,,,,,,,,,,,,,,,,,,,,,,,,,,,,,,,,,,,,,,,,,,,,,,,,,,,,,,,,,,,,,,,,,,,,,,,,,,,,,,,,,,,,,,,,,,,,,,,,,,,,,,,,,,,,,,,,,,,,,,,,,,,,,,,,,,,,,,,,,,,,,,,,,,,,,,,,,,,,,,,,,,,,,,,,,,,,,,,,,,,
Symbol legend:,,,,,,,,,,,,,,,,,,,,,,,,,,,,,,,,,,,,,,,,,,,,,,,,,,,,,,,,,,,,,,,,,,,,,,,,,,,,,,,,,,,,,,,,,,,,,,,,,,,,,,,,,,,,,,,,,,,,,,,,,,,,,,,,,,,,,,,,,,,,,,,,,,,,,,,,,,,,,,,,,,,,,,,,,,,,,,,,,,,,,,,,,,,,,,,,,,,,,,,,,,,,,,,,,,,,,,,,,,,,,,,,,,,,,,,,,,,,,,,,,,,,,,,,,,,,,,,,,,,,,,,,,,,,,,,,,,,,,,,,,,,,,,,,,,,,,,,,,,,,,,,,,,,,,,,,,,,,,,,,,,,,,,,,,,,,,,,,,,,,,,,,,,,,,,,,,,,,,,,,,,,,,,,,,,,,,,,,,,,,,,,,,,,,,,,,,,,,,,,,,,,,,,,,,,,,,,,,,,,,,,,,,,,,,,,,,,,,,,,,,,,,,,,,,,,,,,,,,,,,,,,,,,,,,,,,,,,,,,,,,,,,,,,,,,,,,,,,,,,,,,,,,,,,,,,,,,,,,,,,,,,,,,,,,,,,,,,,,,,,,,,,,,,,,,,,,,,,,,,,,,,,,,,,,,,,,,,,,,,,,,,,,,,,,,,,,,,,,,,,,,,,,,,,,,,,,,,,,,,,,,,,,,,,,,,,,,,,,,,,,,,,,,,,,,,,,,,,,,,,,,,,,,,,,,,,,,,,,,,,,,,,,,,,,,,,,,,,,,,,,,,,,,,,,,,,,,,,,,,,,,,,,,,,,,,,,,,,,,,,,,,,,,,,,,,,,,,,,,,,,,,,,,,,,,,,,,,,,,,,,,,,,,,,,
.., not available for a specific reference period,,,,,,,,,,,,,,,,,,,,,,,,,,,,,,,,,,,,,,,,,,,,,,,,,,,,,,,,,,,,,,,,,,,,,,,,,,,,,,,,,,,,,,,,,,,,,,,,,,,,,,,,,,,,,,,,,,,,,,,,,,,,,,,,,,,,,,,,,,,,,,,,,,,,,,,,,,,,,,,,,,,,,,,,,,,,,,,,,,,,,,,,,,,,,,,,,,,,,,,,,,,,,,,,,,,,,,,,,,,,,,,,,,,,,,,,,,,,,,,,,,,,,,,,,,,,,,,,,,,,,,,,,,,,,,,,,,,,,,,,,,,,,,,,,,,,,,,,,,,,,,,,,,,,,,,,,,,,,,,,,,,,,,,,,,,,,,,,,,,,,,,,,,,,,,,,,,,,,,,,,,,,,,,,,,,,,,,,,,,,,,,,,,,,,,,,,,,,,,,,,,,,,,,,,,,,,,,,,,,,,,,,,,,,,,,,,,,,,,,,,,,,,,,,,,,,,,,,,,,,,,,,,,,,,,,,,,,,,,,,,,,,,,,,,,,,,,,,,,,,,,,,,,,,,,,,,,,,,,,,,,,,,,,,,,,,,,,,,,,,,,,,,,,,,,,,,,,,,,,,,,,,,,,,,,,,,,,,,,,,,,,,,,,,,,,,,,,,,,,,,,,,,,,,,,,,,,,,,,,,,,,,,,,,,,,,,,,,,,,,,,,,,,,,,,,,,,,,,,,,,,,,,,,,,,,,,,,,,,,,,,,,,,,,,,,,,,,,,,,,,,,,,,,,,,,,,,,,,,,,,,,,,,,,,,,,,,,,,,,,,,,,,,,,,,,,,,,,,,,,,,,,,,,,,,,,,,,,,,,,,,,,,,,,
,,,,,,,,,,,,,,,,,,,,,,,,,,,,,,,,,,,,,,,,,,,,,,,,,,,,,,,,,,,,,,,,,,,,,,,,,,,,,,,,,,,,,,,,,,,,,,,,,,,,,,,,,,,,,,,,,,,,,,,,,,,,,,,,,,,,,,,,,,,,,,,,,,,,,,,,,,,,,,,,,,,,,,,,,,,,,,,,,,,,,,,,,,,,,,,,,,,,,,,,,,,,,,,,,,,,,,,,,,,,,,,,,,,,,,,,,,,,,,,,,,,,,,,,,,,,,,,,,,,,,,,,,,,,,,,,,,,,,,,,,,,,,,,,,,,,,,,,,,,,,,,,,,,,,,,,,,,,,,,,,,,,,,,,,,,,,,,,,,,,,,,,,,,,,,,,,,,,,,,,,,,,,,,,,,,,,,,,,,,,,,,,,,,,,,,,,,,,,,,,,,,,,,,,,,,,,,,,,,,,,,,,,,,,,,,,,,,,,,,,,,,,,,,,,,,,,,,,,,,,,,,,,,,,,,,,,,,,,,,,,,,,,,,,,,,,,,,,,,,,,,,,,,,,,,,,,,,,,,,,,,,,,,,,,,,,,,,,,,,,,,,,,,,,,,,,,,,,,,,,,,,,,,,,,,,,,,,,,,,,,,,,,,,,,,,,,,,,,,,,,,,,,,,,,,,,,,,,,,,,,,,,,,,,,,,,,,,,,,,,,,,,,,,,,,,,,,,,,,,,,,,,,,,,,,,,,,,,,,,,,,,,,,,,,,,,,,,,,,,,,,,,,,,,,,,,,,,,,,,,,,,,,,,,,,,,,,,,,,,,,,,,,,,,,,,,,,,,,,,,,,,,,,,,,,,,,,,,,,,,,,,,,,,,,
,,,,,,,,,,,,,,,,,,,,,,,,,,,,,,,,,,,,,,,,,,,,,,,,,,,,,,,,,,,,,,,,,,,,,,,,,,,,,,,,,,,,,,,,,,,,,,,,,,,,,,,,,,,,,,,,,,,,,,,,,,,,,,,,,,,,,,,,,,,,,,,,,,,,,,,,,,,,,,,,,,,,,,,,,,,,,,,,,,,,,,,,,,,,,,,,,,,,,,,,,,,,,,,,,,,,,,,,,,,,,,,,,,,,,,,,,,,,,,,,,,,,,,,,,,,,,,,,,,,,,,,,,,,,,,,,,,,,,,,,,,,,,,,,,,,,,,,,,,,,,,,,,,,,,,,,,,,,,,,,,,,,,,,,,,,,,,,,,,,,,,,,,,,,,,,,,,,,,,,,,,,,,,,,,,,,,,,,,,,,,,,,,,,,,,,,,,,,,,,,,,,,,,,,,,,,,,,,,,,,,,,,,,,,,,,,,,,,,,,,,,,,,,,,,,,,,,,,,,,,,,,,,,,,,,,,,,,,,,,,,,,,,,,,,,,,,,,,,,,,,,,,,,,,,,,,,,,,,,,,,,,,,,,,,,,,,,,,,,,,,,,,,,,,,,,,,,,,,,,,,,,,,,,,,,,,,,,,,,,,,,,,,,,,,,,,,,,,,,,,,,,,,,,,,,,,,,,,,,,,,,,,,,,,,,,,,,,,,,,,,,,,,,,,,,,,,,,,,,,,,,,,,,,,,,,,,,,,,,,,,,,,,,,,,,,,,,,,,,,,,,,,,,,,,,,,,,,,,,,,,,,,,,,,,,,,,,,,,,,,,,,,,,,,,,,,,,,,,,,,,,,,,,,,,,,,,,,,,,,,,,,,,,,,,
,,,,,,,,,,,,,,,,,,,,,,,,,,,,,,,,,,,,,,,,,,,,,,,,,,,,,,,,,,,,,,,,,,,,,,,,,,,,,,,,,,,,,,,,,,,,,,,,,,,,,,,,,,,,,,,,,,,,,,,,,,,,,,,,,,,,,,,,,,,,,,,,,,,,,,,,,,,,,,,,,,,,,,,,,,,,,,,,,,,,,,,,,,,,,,,,,,,,,,,,,,,,,,,,,,,,,,,,,,,,,,,,,,,,,,,,,,,,,,,,,,,,,,,,,,,,,,,,,,,,,,,,,,,,,,,,,,,,,,,,,,,,,,,,,,,,,,,,,,,,,,,,,,,,,,,,,,,,,,,,,,,,,,,,,,,,,,,,,,,,,,,,,,,,,,,,,,,,,,,,,,,,,,,,,,,,,,,,,,,,,,,,,,,,,,,,,,,,,,,,,,,,,,,,,,,,,,,,,,,,,,,,,,,,,,,,,,,,,,,,,,,,,,,,,,,,,,,,,,,,,,,,,,,,,,,,,,,,,,,,,,,,,,,,,,,,,,,,,,,,,,,,,,,,,,,,,,,,,,,,,,,,,,,,,,,,,,,,,,,,,,,,,,,,,,,,,,,,,,,,,,,,,,,,,,,,,,,,,,,,,,,,,,,,,,,,,,,,,,,,,,,,,,,,,,,,,,,,,,,,,,,,,,,,,,,,,,,,,,,,,,,,,,,,,,,,,,,,,,,,,,,,,,,,,,,,,,,,,,,,,,,,,,,,,,,,,,,,,,,,,,,,,,,,,,,,,,,,,,,,,,,,,,,,,,,,,,,,,,,,,,,,,,,,,,,,,,,,,,,,,,,,,,,,,,,,,,,,,,,,,,,,,,,,,
Footnotes:,,,,,,,,,,,,,,,,,,,,,,,,,,,,,,,,,,,,,,,,,,,,,,,,,,,,,,,,,,,,,,,,,,,,,,,,,,,,,,,,,,,,,,,,,,,,,,,,,,,,,,,,,,,,,,,,,,,,,,,,,,,,,,,,,,,,,,,,,,,,,,,,,,,,,,,,,,,,,,,,,,,,,,,,,,,,,,,,,,,,,,,,,,,,,,,,,,,,,,,,,,,,,,,,,,,,,,,,,,,,,,,,,,,,,,,,,,,,,,,,,,,,,,,,,,,,,,,,,,,,,,,,,,,,,,,,,,,,,,,,,,,,,,,,,,,,,,,,,,,,,,,,,,,,,,,,,,,,,,,,,,,,,,,,,,,,,,,,,,,,,,,,,,,,,,,,,,,,,,,,,,,,,,,,,,,,,,,,,,,,,,,,,,,,,,,,,,,,,,,,,,,,,,,,,,,,,,,,,,,,,,,,,,,,,,,,,,,,,,,,,,,,,,,,,,,,,,,,,,,,,,,,,,,,,,,,,,,,,,,,,,,,,,,,,,,,,,,,,,,,,,,,,,,,,,,,,,,,,,,,,,,,,,,,,,,,,,,,,,,,,,,,,,,,,,,,,,,,,,,,,,,,,,,,,,,,,,,,,,,,,,,,,,,,,,,,,,,,,,,,,,,,,,,,,,,,,,,,,,,,,,,,,,,,,,,,,,,,,,,,,,,,,,,,,,,,,,,,,,,,,,,,,,,,,,,,,,,,,,,,,,,,,,,,,,,,,,,,,,,,,,,,,,,,,,,,,,,,,,,,,,,,,,,,,,,,,,,,,,,,,,,,,,,,,,,,,,,,,,,,,,,,,,,,,,,,,,,,,,,,,,,,,,,,,
1,This monthly table replaces 18-10-0030 which has been archived. This table contains monthly data starting from January 1956.,,,,,,,,,,,,,,,,,,,,,,,,,,,,,,,,,,,,,,,,,,,,,,,,,,,,,,,,,,,,,,,,,,,,,,,,,,,,,,,,,,,,,,,,,,,,,,,,,,,,,,,,,,,,,,,,,,,,,,,,,,,,,,,,,,,,,,,,,,,,,,,,,,,,,,,,,,,,,,,,,,,,,,,,,,,,,,,,,,,,,,,,,,,,,,,,,,,,,,,,,,,,,,,,,,,,,,,,,,,,,,,,,,,,,,,,,,,,,,,,,,,,,,,,,,,,,,,,,,,,,,,,,,,,,,,,,,,,,,,,,,,,,,,,,,,,,,,,,,,,,,,,,,,,,,,,,,,,,,,,,,,,,,,,,,,,,,,,,,,,,,,,,,,,,,,,,,,,,,,,,,,,,,,,,,,,,,,,,,,,,,,,,,,,,,,,,,,,,,,,,,,,,,,,,,,,,,,,,,,,,,,,,,,,,,,,,,,,,,,,,,,,,,,,,,,,,,,,,,,,,,,,,,,,,,,,,,,,,,,,,,,,,,,,,,,,,,,,,,,,,,,,,,,,,,,,,,,,,,,,,,,,,,,,,,,,,,,,,,,,,,,,,,,,,,,,,,,,,,,,,,,,,,,,,,,,,,,,,,,,,,,,,,,,,,,,,,,,,,,,,,,,,,,,,,,,,,,,,,,,,,,,,,,,,,,,,,,,,,,,,,,,,,,,,,,,,,,,,,,,,,,,,,,,,,,,,,,,,,,,,,,,,,,,,,,,,,,,,,,,,,,,,,,,,,,,,,,,,,,,,,,,,,,,,,,,,,,,,,,,,,,,,,,,,,,,,,,,,,,,,,,,,,,,,,,,,,,,,,,,,,,,,,,,
2,"On July 17, 2018, additional historical data are available for select series upon request.",,,,,,,,,,,,,,,,,,,,,,,,,,,,,,,,,,,,,,,,,,,,,,,,,,,,,,,,,,,,,,,,,,,,,,,,,,,,,,,,,,,,,,,,,,,,,,,,,,,,,,,,,,,,,,,,,,,,,,,,,,,,,,,,,,,,,,,,,,,,,,,,,,,,,,,,,,,,,,,,,,,,,,,,,,,,,,,,,,,,,,,,,,,,,,,,,,,,,,,,,,,,,,,,,,,,,,,,,,,,,,,,,,,,,,,,,,,,,,,,,,,,,,,,,,,,,,,,,,,,,,,,,,,,,,,,,,,,,,,,,,,,,,,,,,,,,,,,,,,,,,,,,,,,,,,,,,,,,,,,,,,,,,,,,,,,,,,,,,,,,,,,,,,,,,,,,,,,,,,,,,,,,,,,,,,,,,,,,,,,,,,,,,,,,,,,,,,,,,,,,,,,,,,,,,,,,,,,,,,,,,,,,,,,,,,,,,,,,,,,,,,,,,,,,,,,,,,,,,,,,,,,,,,,,,,,,,,,,,,,,,,,,,,,,,,,,,,,,,,,,,,,,,,,,,,,,,,,,,,,,,,,,,,,,,,,,,,,,,,,,,,,,,,,,,,,,,,,,,,,,,,,,,,,,,,,,,,,,,,,,,,,,,,,,,,,,,,,,,,,,,,,,,,,,,,,,,,,,,,,,,,,,,,,,,,,,,,,,,,,,,,,,,,,,,,,,,,,,,,,,,,,,,,,,,,,,,,,,,,,,,,,,,,,,,,,,,,,,,,,,,,,,,,,,,,,,,,,,,,,,,,,,,,,,,,,,,,,,,,,,,,,,,,,,,,,,,,,,,,,,,,,,,,,,,,,,,,,,,,,,,,,,,,,
3,"On November 30, 2020, additional series are available upon request.",,,,,,,,,,,,,,,,,,,,,,,,,,,,,,,,,,,,,,,,,,,,,,,,,,,,,,,,,,,,,,,,,,,,,,,,,,,,,,,,,,,,,,,,,,,,,,,,,,,,,,,,,,,,,,,,,,,,,,,,,,,,,,,,,,,,,,,,,,,,,,,,,,,,,,,,,,,,,,,,,,,,,,,,,,,,,,,,,,,,,,,,,,,,,,,,,,,,,,,,,,,,,,,,,,,,,,,,,,,,,,,,,,,,,,,,,,,,,,,,,,,,,,,,,,,,,,,,,,,,,,,,,,,,,,,,,,,,,,,,,,,,,,,,,,,,,,,,,,,,,,,,,,,,,,,,,,,,,,,,,,,,,,,,,,,,,,,,,,,,,,,,,,,,,,,,,,,,,,,,,,,,,,,,,,,,,,,,,,,,,,,,,,,,,,,,,,,,,,,,,,,,,,,,,,,,,,,,,,,,,,,,,,,,,,,,,,,,,,,,,,,,,,,,,,,,,,,,,,,,,,,,,,,,,,,,,,,,,,,,,,,,,,,,,,,,,,,,,,,,,,,,,,,,,,,,,,,,,,,,,,,,,,,,,,,,,,,,,,,,,,,,,,,,,,,,,,,,,,,,,,,,,,,,,,,,,,,,,,,,,,,,,,,,,,,,,,,,,,,,,,,,,,,,,,,,,,,,,,,,,,,,,,,,,,,,,,,,,,,,,,,,,,,,,,,,,,,,,,,,,,,,,,,,,,,,,,,,,,,,,,,,,,,,,,,,,,,,,,,,,,,,,,,,,,,,,,,,,,,,,,,,,,,,,,,,,,,,,,,,,,,,,,,,,,,,,,,,,,,,,,,,,,,,,,,,,,,,,,,,,,,,,,,,
,,,,,,,,,,,,,,,,,,,,,,,,,,,,,,,,,,,,,,,,,,,,,,,,,,,,,,,,,,,,,,,,,,,,,,,,,,,,,,,,,,,,,,,,,,,,,,,,,,,,,,,,,,,,,,,,,,,,,,,,,,,,,,,,,,,,,,,,,,,,,,,,,,,,,,,,,,,,,,,,,,,,,,,,,,,,,,,,,,,,,,,,,,,,,,,,,,,,,,,,,,,,,,,,,,,,,,,,,,,,,,,,,,,,,,,,,,,,,,,,,,,,,,,,,,,,,,,,,,,,,,,,,,,,,,,,,,,,,,,,,,,,,,,,,,,,,,,,,,,,,,,,,,,,,,,,,,,,,,,,,,,,,,,,,,,,,,,,,,,,,,,,,,,,,,,,,,,,,,,,,,,,,,,,,,,,,,,,,,,,,,,,,,,,,,,,,,,,,,,,,,,,,,,,,,,,,,,,,,,,,,,,,,,,,,,,,,,,,,,,,,,,,,,,,,,,,,,,,,,,,,,,,,,,,,,,,,,,,,,,,,,,,,,,,,,,,,,,,,,,,,,,,,,,,,,,,,,,,,,,,,,,,,,,,,,,,,,,,,,,,,,,,,,,,,,,,,,,,,,,,,,,,,,,,,,,,,,,,,,,,,,,,,,,,,,,,,,,,,,,,,,,,,,,,,,,,,,,,,,,,,,,,,,,,,,,,,,,,,,,,,,,,,,,,,,,,,,,,,,,,,,,,,,,,,,,,,,,,,,,,,,,,,,,,,,,,,,,,,,,,,,,,,,,,,,,,,,,,,,,,,,,,,,,,,,,,,,,,,,,,,,,,,,,,,,,,,,,,,,,,,,,,,,,,,,,,,,,,,,,,,,,,,,,,
,,,,,,,,,,,,,,,,,,,,,,,,,,,,,,,,,,,,,,,,,,,,,,,,,,,,,,,,,,,,,,,,,,,,,,,,,,,,,,,,,,,,,,,,,,,,,,,,,,,,,,,,,,,,,,,,,,,,,,,,,,,,,,,,,,,,,,,,,,,,,,,,,,,,,,,,,,,,,,,,,,,,,,,,,,,,,,,,,,,,,,,,,,,,,,,,,,,,,,,,,,,,,,,,,,,,,,,,,,,,,,,,,,,,,,,,,,,,,,,,,,,,,,,,,,,,,,,,,,,,,,,,,,,,,,,,,,,,,,,,,,,,,,,,,,,,,,,,,,,,,,,,,,,,,,,,,,,,,,,,,,,,,,,,,,,,,,,,,,,,,,,,,,,,,,,,,,,,,,,,,,,,,,,,,,,,,,,,,,,,,,,,,,,,,,,,,,,,,,,,,,,,,,,,,,,,,,,,,,,,,,,,,,,,,,,,,,,,,,,,,,,,,,,,,,,,,,,,,,,,,,,,,,,,,,,,,,,,,,,,,,,,,,,,,,,,,,,,,,,,,,,,,,,,,,,,,,,,,,,,,,,,,,,,,,,,,,,,,,,,,,,,,,,,,,,,,,,,,,,,,,,,,,,,,,,,,,,,,,,,,,,,,,,,,,,,,,,,,,,,,,,,,,,,,,,,,,,,,,,,,,,,,,,,,,,,,,,,,,,,,,,,,,,,,,,,,,,,,,,,,,,,,,,,,,,,,,,,,,,,,,,,,,,,,,,,,,,,,,,,,,,,,,,,,,,,,,,,,,,,,,,,,,,,,,,,,,,,,,,,,,,,,,,,,,,,,,,,,,,,,,,,,,,,,,,,,,,,,,,,,,,,,,,,,
,,,,,,,,,,,,,,,,,,,,,,,,,,,,,,,,,,,,,,,,,,,,,,,,,,,,,,,,,,,,,,,,,,,,,,,,,,,,,,,,,,,,,,,,,,,,,,,,,,,,,,,,,,,,,,,,,,,,,,,,,,,,,,,,,,,,,,,,,,,,,,,,,,,,,,,,,,,,,,,,,,,,,,,,,,,,,,,,,,,,,,,,,,,,,,,,,,,,,,,,,,,,,,,,,,,,,,,,,,,,,,,,,,,,,,,,,,,,,,,,,,,,,,,,,,,,,,,,,,,,,,,,,,,,,,,,,,,,,,,,,,,,,,,,,,,,,,,,,,,,,,,,,,,,,,,,,,,,,,,,,,,,,,,,,,,,,,,,,,,,,,,,,,,,,,,,,,,,,,,,,,,,,,,,,,,,,,,,,,,,,,,,,,,,,,,,,,,,,,,,,,,,,,,,,,,,,,,,,,,,,,,,,,,,,,,,,,,,,,,,,,,,,,,,,,,,,,,,,,,,,,,,,,,,,,,,,,,,,,,,,,,,,,,,,,,,,,,,,,,,,,,,,,,,,,,,,,,,,,,,,,,,,,,,,,,,,,,,,,,,,,,,,,,,,,,,,,,,,,,,,,,,,,,,,,,,,,,,,,,,,,,,,,,,,,,,,,,,,,,,,,,,,,,,,,,,,,,,,,,,,,,,,,,,,,,,,,,,,,,,,,,,,,,,,,,,,,,,,,,,,,,,,,,,,,,,,,,,,,,,,,,,,,,,,,,,,,,,,,,,,,,,,,,,,,,,,,,,,,,,,,,,,,,,,,,,,,,,,,,,,,,,,,,,,,,,,,,,,,,,,,,,,,,,,,,,,,,,,,,,,,,,,,,,,
"How to cite: Statistics Canada. Table 18-10-0266-01  Industrial product price index, by product, monthly",,,,,,,,,,,,,,,,,,,,,,,,,,,,,,,,,,,,,,,,,,,,,,,,,,,,,,,,,,,,,,,,,,,,,,,,,,,,,,,,,,,,,,,,,,,,,,,,,,,,,,,,,,,,,,,,,,,,,,,,,,,,,,,,,,,,,,,,,,,,,,,,,,,,,,,,,,,,,,,,,,,,,,,,,,,,,,,,,,,,,,,,,,,,,,,,,,,,,,,,,,,,,,,,,,,,,,,,,,,,,,,,,,,,,,,,,,,,,,,,,,,,,,,,,,,,,,,,,,,,,,,,,,,,,,,,,,,,,,,,,,,,,,,,,,,,,,,,,,,,,,,,,,,,,,,,,,,,,,,,,,,,,,,,,,,,,,,,,,,,,,,,,,,,,,,,,,,,,,,,,,,,,,,,,,,,,,,,,,,,,,,,,,,,,,,,,,,,,,,,,,,,,,,,,,,,,,,,,,,,,,,,,,,,,,,,,,,,,,,,,,,,,,,,,,,,,,,,,,,,,,,,,,,,,,,,,,,,,,,,,,,,,,,,,,,,,,,,,,,,,,,,,,,,,,,,,,,,,,,,,,,,,,,,,,,,,,,,,,,,,,,,,,,,,,,,,,,,,,,,,,,,,,,,,,,,,,,,,,,,,,,,,,,,,,,,,,,,,,,,,,,,,,,,,,,,,,,,,,,,,,,,,,,,,,,,,,,,,,,,,,,,,,,,,,,,,,,,,,,,,,,,,,,,,,,,,,,,,,,,,,,,,,,,,,,,,,,,,,,,,,,,,,,,,,,,,,,,,,,,,,,,,,,,,,,,,,,,,,,,,,,,,,,,,,,,,,,,,,,,,,,,,,,,,,,,,,,,,,,,,,,,,,,,,
https://www150.statcan.gc.ca/t1/tbl1/en/tv.action?pid=1810026601,,,,,,,,,,,,,,,,,,,,,,,,,,,,,,,,,,,,,,,,,,,,,,,,,,,,,,,,,,,,,,,,,,,,,,,,,,,,,,,,,,,,,,,,,,,,,,,,,,,,,,,,,,,,,,,,,,,,,,,,,,,,,,,,,,,,,,,,,,,,,,,,,,,,,,,,,,,,,,,,,,,,,,,,,,,,,,,,,,,,,,,,,,,,,,,,,,,,,,,,,,,,,,,,,,,,,,,,,,,,,,,,,,,,,,,,,,,,,,,,,,,,,,,,,,,,,,,,,,,,,,,,,,,,,,,,,,,,,,,,,,,,,,,,,,,,,,,,,,,,,,,,,,,,,,,,,,,,,,,,,,,,,,,,,,,,,,,,,,,,,,,,,,,,,,,,,,,,,,,,,,,,,,,,,,,,,,,,,,,,,,,,,,,,,,,,,,,,,,,,,,,,,,,,,,,,,,,,,,,,,,,,,,,,,,,,,,,,,,,,,,,,,,,,,,,,,,,,,,,,,,,,,,,,,,,,,,,,,,,,,,,,,,,,,,,,,,,,,,,,,,,,,,,,,,,,,,,,,,,,,,,,,,,,,,,,,,,,,,,,,,,,,,,,,,,,,,,,,,,,,,,,,,,,,,,,,,,,,,,,,,,,,,,,,,,,,,,,,,,,,,,,,,,,,,,,,,,,,,,,,,,,,,,,,,,,,,,,,,,,,,,,,,,,,,,,,,,,,,,,,,,,,,,,,,,,,,,,,,,,,,,,,,,,,,,,,,,,,,,,,,,,,,,,,,,,,,,,,,,,,,,,,,,,,,,,,,,,,,,,,,,,,,,,,,,,,,,,,,,,,,,,,,,,,,,,,,,,,,,,,,,,,,,,,
